culture,line,Time,seed.bank,phage.ml,spore.ml,veg.ml,cell.ml
SNO,L1,-0.5,none,NA,1,41456666.66666667,41456667.66666667
SNO,L2,-0.5,none,NA,1,41456666.66666667,41456667.66666667
SNO,L3,-0.5,none,NA,1,41456666.66666667,41456667.66666667
WLO,L1,-0.5,long,NA,4291666.666666667,33995000,38286666.666666664
WLO,L2,-0.5,long,NA,4291666.666666667,33995000,38286666.666666664
WLO,L3,-0.5,long,NA,4291666.666666667,33995000,38286666.666666664
WSO,L1,-0.5,short,NA,4291666.666666667,33995000,38286666.666666664
WSO,L2,-0.5,short,NA,4291666.666666667,33995000,38286666.666666664
WSO,L3,-0.5,short,NA,4291666.666666667,33995000,38286666.666666664
SNO,L1,0,none,100000,1,512973585.4102929,512973586.4102929
SNO,L2,0,none,100000,1,512973585.4102929,512973586.4102929
SNO,L3,0,none,100000,1,512973585.4102929,512973586.4102929
WLO,L1,0,long,100000,184905757.84151375,318778846.08747584,503684603.9289896
WLO,L2,0,long,100000,184905757.84151375,318778846.08747584,503684603.9289896
WLO,L3,0,long,100000,184905757.84151375,318778846.08747584,503684603.9289896
WSO,L1,0,short,100000,184905757.84151375,318778846.08747584,503684603.9289896
WSO,L2,0,short,100000,184905757.84151375,318778846.08747584,503684603.9289896
WSO,L3,0,short,100000,184905757.84151375,318778846.08747584,503684603.9289896
SNCt,L1,0,none,NA,1,595457114.8982598,595457115.8982598
SNCt,L2,0,none,NA,1,595457114.8982598,595457115.8982598
SNCt,L3,0,none,NA,1,595457114.8982598,595457115.8982598
WLCt,L1,0,long,NA,194050875.64228034,296742844.8591957,490793720.50147605
WLCt,L2,0,long,NA,194050875.64228034,296742844.8591957,490793720.50147605
WLCt,L3,0,long,NA,194050875.64228034,296742844.8591957,490793720.50147605
WSCt,L1,0,short,NA,194050875.64228034,296742844.8591957,490793720.50147605
WSCt,L2,0,short,NA,194050875.64228034,296742844.8591957,490793720.50147605
WSCt,L3,0,short,NA,194050875.64228034,296742844.8591957,490793720.50147605
SNO,L1,0.5,none,361670579.1450105,1,661284610.2623761,661284611.2623761
SNO,L2,0.5,none,244321035.73683628,1,657202673.7884946,657202674.7884946
SNO,L3,0.5,none,240321073.52552438,1,602939150.1364036,602939151.1364036
WLO,L1,0.5,long,391636461.0572784,8259034.35528724,435609257.65163475,443868292.006922
WLO,L2,0.5,long,264602780.51677114,13747100.117490243,543447749.0291266,557194849.1466169
WLO,L3,0.5,long,347950007.6389067,3989470.7857374437,538106254.4124391,542095725.1981765
WSO,L1,0.5,short,194010687.9116755,22335083.992576227,550223099.8944645,572558183.8870407
WSO,L2,0.5,short,315865647.19280165,30369115.096915044,836950540.0508813,867319655.1477963
WSO,L3,0.5,short,346412991.9891357,13659066.873070367,523822436.19381785,537481503.0668882
SNCt,L1,0.5,none,NA,1,497433747.26027554,497433748.26027554
SNCt,L2,0.5,none,NA,1,370151367.4805189,370151368.4805189
SNCt,L3,0.5,none,NA,1,408846238.88594246,408846239.88594246
WLCt,L1,0.5,long,NA,165722342.30886155,236346369.13515913,402068711.4440207
WLCt,L2,0.5,long,NA,202685410.25233352,239797182.661584,442482592.91391754
WLCt,L3,0.5,long,NA,143009642.81678843,255982361.52122593,398992004.33801436
WSCt,L1,0.5,short,NA,145900722.1012447,219701644.92187274,365602367.0231174
WSCt,L2,0.5,short,NA,153523515.2072115,289259993.25959134,442783508.46680284
WSCt,L3,0.5,short,NA,129531085.58088812,219258062.03449905,348789147.6153872
SNO,L1,1,none,582875687.825259,1,420077833.7986557,420077834.7986557
SNO,L2,1,none,1152786663.596972,1,428826923.07692313,428826924.07692313
SNO,L3,1,none,602446747.622036,1,260177251.42845282,260177252.42845282
WLO,L1,1,long,805799192.5376439,232579155.55450612,92226691.14019,324805846.6946961
WLO,L2,1,long,952313132.8599093,206046691.40383425,139467129.9051353,345513821.30896956
WLO,L3,1,long,748692680.7128918,186104429.4317711,131878976.33873029,317983405.7705014
WSO,L1,1,short,719911135.0358359,185475081.52182835,104444115.81517997,289919197.33700836
WSO,L2,1,short,713052694.7806168,464694174.2113441,33127849.084994256,497822023.2963384
WSO,L3,1,short,805471062.1546398,371497032.7518888,62897709.1763089,434394741.92819774
SNCt,L1,1,none,NA,1,270189004.1336119,270189005.1336119
SNCt,L2,1,none,NA,1,204099873.81503433,204099874.81503433
SNCt,L3,1,none,NA,1,204495359.39020878,204495360.39020878
WLCt,L1,1,long,NA,212159452.0682835,96482022.80875789,308641474.8770414
WLCt,L2,1,long,NA,249849439.8404311,106006144.22505778,355855584.0654889
WLCt,L3,1,long,NA,135061921.77650848,101346816.15171531,236408737.9282238
WSCt,L1,1,short,NA,167563987.0837521,88724454.44210783,256288441.52585992
WSCt,L2,1,short,NA,192959856.6043031,110034709.99130204,302994566.59560513
WSCt,L3,1,short,NA,157914600.60322893,88552526.4761859,246467127.07941484
SNO,L1,1.5,none,1868880856.8912868,1,4155000,4155001
SNO,L2,1.5,none,1520591154.8375788,1,1898333.3333333335,1898334.3333333335
SNO,L3,1.5,none,1067420397.4963281,1,1216666.6666666667,1216667.6666666667
WLO,L1,1.5,long,974414688.5610478,42876666.66666667,69866666.66666667,112743333.33333334
WLO,L2,1.5,long,768933796.4520837,13455000,37661666.66666667,51116666.66666667
WLO,L3,1.5,long,425674158.4827259,128603181.43765227,90997880.41298488,219601061.85063714
WSO,L1,1.5,short,728231691.9873679,133341638.76749429,131279424.00174579,264621062.76924008
WSO,L2,1.5,short,10199055621.14701,1053333.3333333335,8153333.333333334,9206666.666666668
WSO,L3,1.5,short,4912495218.01145,1635000,9571666.666666668,11206666.666666668
SNCt,L1,1.5,none,NA,1,354430867.4819921,354430868.4819921
SNCt,L2,1.5,none,NA,1,523821700.2506115,523821701.2506115
SNCt,L3,1.5,none,NA,1,507162755.8669888,507162756.8669888
WLCt,L1,1.5,long,NA,174338491.7424991,309831260.7551862,484169752.4976853
WLCt,L2,1.5,long,NA,249011012.58700955,301153626.19936836,550164638.7863779
WLCt,L3,1.5,long,NA,163711339.24995643,325992870.1604003,489704209.4103567
WSCt,L1,1.5,short,NA,170514787.51966292,269003752.9519891,439518540.47165203
WSCt,L2,1.5,short,NA,292023733.53299904,260583589.93024087,552607323.4632399
WSCt,L3,1.5,short,NA,161022171.4231205,254995487.10332644,416017658.52644694
SNO,L1,2,none,6617570829.4609995,1,5910000,5910001
SNO,L2,2,none,5670922256.485211,1,2695000,2695001
SNO,L3,2,none,4581950834.390759,1,523333.8333333334,523334.8333333334
WLO,L1,2,long,3463678201.67667,128618333.33333334,9070000,137688333.33333334
WLO,L2,2,long,3895596707.425412,36128333.333333336,1926666.6666666667,38055000
WLO,L3,2,long,2525120077.9080677,188597050.78691536,15983830.520736303,204580881.30765167
WSO,L1,2,short,3542789461.0421376,260922828.4839316,1922235.3899491483,262845063.87388074
WSO,L2,2,short,3407017210.238543,5811666.666666667,3193333.3333333335,9005000
WSO,L3,2,short,6688069778.089843,10000000,1918333.3333333335,11918333.333333334
SNCt,L1,2,none,NA,1,157557892.20780832,157557893.20780832
SNCt,L2,2,none,NA,1,208024884.83470467,208024885.83470467
SNCt,L3,2,none,NA,1,157706752.68995553,157706753.68995553
WLCt,L1,2,long,NA,197787114.08320314,103546975.09385148,301334089.17705464
WLCt,L2,2,long,NA,310893655.9636514,76697019.13557571,387590675.09922713
WLCt,L3,2,long,NA,196137328.0446593,100459946.89384183,296597274.9385011
WSCt,L1,2,short,NA,204745054.27040923,98225774.46423212,302970828.7346413
WSCt,L2,2,short,NA,366382189.1197447,48523423.38259635,414905612.5023411
WSCt,L3,2,short,NA,181177667.22630435,72067214.02579221,253244881.25209656
SNO,L1,2.5,none,443469873.6028291,1,2373333.3333333335,2373334.3333333335
SNO,L2,2.5,none,531673865.3322027,1,1,2
SNO,L3,2.5,none,697684097.7243512,1,1,2
WLO,L1,2.5,long,1046260954.6869293,35138333.333333336,25463333.333333336,60601666.66666667
WLO,L2,2.5,long,1120657863.0888638,6096666.666666667,30546666.666666668,36643333.333333336
WLO,L3,2.5,long,831527256.2637336,9713333.333333334,35986666.66666667,45700000.00000001
WSO,L1,2.5,short,801950798.5670733,2445000,14601666.666666668,17046666.666666668
WSO,L2,2.5,short,202470046.38928068,43255000,14050000,57305000
WSO,L3,2.5,short,315421258.5164083,82060000,6198333.333333334,88258333.33333333
SNCt,L1,2.5,none,NA,1,357427601.8521518,357427602.8521518
SNCt,L2,2.5,none,NA,1,407840337.9899202,407840338.9899202
SNCt,L3,2.5,none,NA,1,387018208.9390743,387018209.9390743
WLCt,L1,2.5,long,NA,138226927.79667318,287966098.4734063,426193026.2700795
WLCt,L2,2.5,long,NA,141424897.5109703,366731299.630817,508156197.1417873
WLCt,L3,2.5,long,NA,138930546.87662053,324480135.04799616,463410681.9246167
WSCt,L1,2.5,short,NA,154930380.7087312,279083297.4492768,434013678.158008
WSCt,L2,2.5,short,NA,150932886.80187297,289145410.0918052,440078296.8936782
WSCt,L3,2.5,short,NA,148418801.33051232,249018124.64689365,397436925.97740597
SNO,L1,3,none,3967212364.4630833,1,2971666.666666667,2971667.666666667
SNO,L2,3,none,3627628661.8455877,1,1,2
SNO,L3,3,none,5214677037.384954,1,4158333.3333333335,4158334.3333333335
WLO,L1,3,long,4689252064.427972,71358333.33333334,9140000,80498333.33333334
WLO,L2,3,long,4230572014.6080194,21091666.666666668,10826666.666666668,31918333.333333336
WLO,L3,3,long,7516781007.861116,65391666.66666667,8393333.333333334,73785000
WSO,L1,3,short,4199548985.541243,8366666.666666668,7340000,15706666.666666668
WSO,L2,3,short,1528303607.5244503,150366915.68762606,1634829.6219753406,152001745.3096014
WSO,L3,3,short,2660480611.405406,116478333.33333334,1823333.3333333335,118301666.66666667
SNCt,L1,3,none,NA,1,166951209.13255006,166951210.13255006
SNCt,L2,3,none,NA,1,258809892.20400903,258809893.20400903
SNCt,L3,3,none,NA,1,285308955.81765604,285308956.81765604
WLCt,L1,3,long,NA,175939346.21709323,91452384.94206041,267391731.15915364
WLCt,L2,3,long,NA,160396260.78817457,100501594.06724745,260897854.85542202
WLCt,L3,3,long,NA,159796076.37211683,95853952.7856026,255650029.15771943
WSCt,L1,3,short,NA,180739219.0871846,94068375.63140997,274807594.71859455
WSCt,L2,3,short,NA,161745559.29948574,84622828.44178788,246368387.74127364
WSCt,L3,3,short,NA,174819941.24725002,80361671.94206133,255181613.18931136
SNO,L1,3.5,none,1611736921.5123503,1,6695000,6695001
SNO,L2,3.5,none,827982964.9048722,1,13465000,13465001
SNO,L3,3.5,none,527507559.87719965,1,9641666.666666668,9641667.666666668
WLO,L1,3.5,long,915775186.1264544,20442473.480191343,126527151.04130894,146969624.5215003
WLO,L2,3.5,long,938157546.6329641,69078333.33333334,17758333.333333336,86836666.66666669
WLO,L3,3.5,long,1187994568.9498649,665000,28191666.666666668,28856666.666666668
WSO,L1,3.5,short,718007505.280381,32088333.333333336,8785000,40873333.333333336
WSO,L2,3.5,short,253406145.32268947,23236666.666666668,2995000,26231666.666666668
WSO,L3,3.5,short,759033006.3431484,19631666.666666668,14268333.333333334,33900000
SNCt,L1,3.5,none,NA,1,484865116.3651882,484865117.3651882
SNCt,L2,3.5,none,NA,1,362897935.73068833,362897936.73068833
SNCt,L3,3.5,none,NA,1,428167969.45994836,428167970.45994836
WLCt,L1,3.5,long,NA,231973597.6011117,234280883.29442894,466254480.89554065
WLCt,L2,3.5,long,NA,150273690.9137075,281212316.6348518,431486007.5485593
WLCt,L3,3.5,long,NA,150274206.16162145,301187516.8513752,451461723.0129967
WSCt,L1,3.5,short,NA,220591581.599113,188422756.070943,409014337.670056
WSCt,L2,3.5,short,NA,145774287.37980258,237786939.93949676,383561227.31929934
WSCt,L3,3.5,short,NA,441087882.03660053,91912393.0332663,533000275.06986684
SNO,L1,4,none,1182333835.6997476,1,12700000,12700001
SNO,L2,4,none,360984868.99665,1,34358333.333333336,34358334.333333336
SNO,L3,4,none,413402234.5840014,1,15510000,15510001
WLO,L1,4,long,1999995018.3705323,188761432.66387227,4220234.608599594,192981667.27247187
WLO,L2,4,long,441912756.4546001,159025454.06704378,14565806.069777891,173591260.1368217
WLO,L3,4,long,2568398646.344369,65700000,7390000,73090000
WSO,L1,4,short,534690919.9071531,131578642.08966284,10027632.456465358,141606274.54612818
WSO,L2,4,short,509756485.8228184,82436666.66666667,3466666.666666667,85903333.33333334
WSO,L3,4,short,677673291.9494553,51831666.66666667,2645000,54476666.66666667
SNCt,L1,4,none,NA,1,244661148.5889097,244661149.5889097
SNCt,L2,4,none,NA,1,174519900.5527526,174519901.5527526
SNCt,L3,4,none,NA,1,223012388.51552066,223012389.51552066
WLCt,L1,4,long,NA,302516655.50629216,103336025.02292745,405852680.5292196
WLCt,L2,4,long,NA,175347926.28496444,86792548.72936988,262140475.01433432
WLCt,L3,4,long,NA,193056690.5594318,83412004.73508123,276468695.294513
WSCt,L1,4,short,NA,354588852.6518594,15210945.789064132,369799798.4409235
WSCt,L2,4,short,NA,169803372.37144536,84155041.98908702,253958414.36053237
WSCt,L3,4,short,NA,558645327.1440346,12384506.92195397,571029834.0659885
SNO,L1,4.5,none,1063094939.769021,1,3185000,3185001
SNO,L2,4.5,none,1541485878.344892,1,12073333.333333334,12073334.333333334
SNO,L3,4.5,none,906529633.8087559,1,820000,820001
WLO,L1,4.5,long,4091381491.8737288,2888333.3333333335,5930000,8818333.333333334
WLO,L2,4.5,long,378313999.38120794,48309043.45611951,33312203.926894136,81621247.38301364
WLO,L3,4.5,long,1164338527.765551,6606666.666666667,24388333.333333336,30995000.000000004
WSO,L1,4.5,short,248683458.22839665,60811666.66666667,7931666.666666667,68743333.33333334
WSO,L2,4.5,short,223560555.7958636,39838333.333333336,1531666.6666666667,41370000
WSO,L3,4.5,short,438575274.5440776,25838333.333333336,5398333.333333334,31236666.66666667
SNCt,L1,4.5,none,NA,1,543176653.4888288,543176654.4888288
SNCt,L2,4.5,none,NA,1,454337389.1157385,454337390.1157385
SNCt,L3,4.5,none,NA,1,530297403.04604256,530297404.04604256
WLCt,L1,4.5,long,NA,199060722.93380958,328090398.29528165,527151121.2290912
WLCt,L2,4.5,long,NA,205193625.23472643,299951989.5937844,505145614.8285108
WLCt,L3,4.5,long,NA,166221615.66759902,283654889.02192503,449876504.68952405
WSCt,L1,4.5,short,NA,216618443.6044994,277099499.4381448,493717943.0426442
WSCt,L2,4.5,short,NA,170691809.4615932,264526559.27320486,435218368.7347981
WSCt,L3,4.5,short,NA,174833339.103281,280873623.59570765,455706962.6989887
SNO,L1,5,none,363048238.2291684,1,5928333.333333334,5928334.333333334
SNO,L2,5,none,2227561839.076833,1,30101666.666666668,30101667.666666668
SNO,L3,5,none,318335411.36828184,1,2630000,2630001
WLO,L1,5,long,1669017148.1997523,36491666.66666667,43370000,79861666.66666667
WLO,L2,5,long,651138075.3236251,56808333.333333336,7206666.666666667,64015000
WLO,L3,5,long,1186607771.5936303,42850000,4570000,47420000
WSO,L1,5,short,326602380.7979313,93381666.66666667,6876666.666666667,100258333.33333334
WSO,L2,5,short,126767944.58651507,132278333.33333334,4968333.333333334,137246666.6666667
WSO,L3,5,short,848916030.7911265,45268333.333333336,1921666.6666666667,47190000
SNCt,L1,5,none,NA,1,237434464.1700968,237434465.1700968
SNCt,L2,5,none,NA,1,213442764.85511032,213442765.85511032
SNCt,L3,5,none,NA,1,403357667.5979992,403357668.5979992
WLCt,L1,5,long,NA,247096694.5039292,174054802.97552812,421151497.4794573
WLCt,L2,5,long,NA,222829060.56054223,95316004.7846044,318145065.34514666
WLCt,L3,5,long,NA,193619263.57654637,92243079.41335651,285862342.98990285
WSCt,L1,5,short,NA,255547245.61013806,97393268.59207857,352940514.2022166
WSCt,L2,5,short,NA,188138841.3667825,66800474.99572663,254939316.36250913
WSCt,L3,5,short,NA,204474367.86801732,91562632.55821076,296037000.42622805
SNO,L1,5.5,none,320382326.28846097,1,483333.3333333334,483334.3333333334
SNO,L2,5.5,none,2915267935.919096,1,2658333.8333333335,2658334.8333333335
SNO,L3,5.5,none,337848398.1023084,1,911666.6666666667,911667.6666666667
WLO,L1,5.5,long,1086235547.7397952,21500000,24575000,46075000
WLO,L2,5.5,long,467628387.7453232,40625000,7280000,47905000
WLO,L3,5.5,long,693768896.3350338,2366666.666666667,6010000,8376666.666666667
WSO,L1,5.5,short,208760284.02616435,16545000.000000002,5261666.666666667,21806666.666666668
WSO,L2,5.5,short,112532506.35097146,25553333.333333336,17971666.666666668,43525000
WSO,L3,5.5,short,483393031.4698981,30526666.666666668,14453333.333333334,44980000
SNCt,L1,5.5,none,NA,1,510914406.5670624,510914407.5670624
SNCt,L2,5.5,none,NA,1,454041578.1916603,454041579.1916603
SNCt,L3,5.5,none,NA,1,799195757.2877116,799195758.2877116
WLCt,L1,5.5,long,NA,109585436.10448211,399194066.8903793,508779502.9948614
WLCt,L2,5.5,long,NA,162336030.89179343,355893036.55718493,518229067.44897836
WLCt,L3,5.5,long,NA,169900910.9492448,345441392.12142247,515342303.07066727
WSCt,L1,5.5,short,NA,174335652.78841722,382616112.2665454,556951765.0549626
WSCt,L2,5.5,short,NA,156880216.51984257,382432497.4717013,539312713.9915439
WSCt,L3,5.5,short,NA,164388157.2574272,295884611.2666147,460272768.5240419
SNO,L1,6,none,379344605.515957,1,711666.6666666667,711667.6666666667
SNO,L2,6,none,1574527684.9048796,1,9603333.333333334,9603334.333333334
SNO,L3,6,none,307815572.2969752,1,2486666.666666667,2486667.666666667
WLO,L1,6,long,1123365760.42168,104860000,3891666.666666667,108751666.66666667
WLO,L2,6,long,886094334.2339213,72476666.66666667,16305000,88781666.66666667
WLO,L3,6,long,609325739.4068317,15420000,4395000,19815000
WSO,L1,6,short,247360265.71494123,35591666.66666667,1145000,36736666.66666667
WSO,L2,6,short,186746661.87769985,102463333.33333334,455000,102918333.33333334
WSO,L3,6,short,923599348.6988333,61460000,4896666.666666667,66356666.666666664
SNCt,L1,6,none,NA,1,322450275.7801301,322450276.7801301
SNCt,L2,6,none,NA,1,163375097.93443805,163375098.93443805
SNCt,L3,6,none,NA,1,304221709.9949899,304221710.9949899
WLCt,L1,6,long,NA,137655770.34792024,167088472.12386203,304744242.47178227
WLCt,L2,6,long,NA,193211502.1342208,115784603.06269994,308996105.19692075
WLCt,L3,6,long,NA,200802664.23864186,135712773.83545247,336515438.0740943
WSCt,L1,6,short,NA,235054816.6150449,80602591.80315603,315657408.4182009
WSCt,L2,6,short,NA,203749013.9062962,100754101.81552485,304503115.72182107
WSCt,L3,6,short,NA,208906288.5087617,114484023.66560033,323390312.17436206
SNO,L1,6.5,none,242857650.57118714,1,2430000,2430001
SNO,L2,6.5,none,2656716936.8483458,1,43810000,43810001
SNO,L3,6.5,none,487589638.8653587,1,3425000,3425001
WLO,L1,6.5,long,653560420.732542,25758333.333333336,28860000,54618333.333333336
WLO,L2,6.5,long,667048504.1839967,10168333.333333334,17401666.666666668,27570000
WLO,L3,6.5,long,306285022.6063908,665000,12265000,12930000
WSO,L1,6.5,short,233289950.3261491,6210000,15365000,21575000
WSO,L2,6.5,short,100999661.35016242,26813333.333333336,24805000,51618333.333333336
WSO,L3,6.5,short,608299707.9379302,16248333.333333334,10323333.333333334,26571666.666666668
SNCt,L1,6.5,none,NA,1,655824424.2124515,655824425.2124515
SNCt,L2,6.5,none,NA,1,390718727.5521625,390718728.5521625
SNCt,L3,6.5,none,NA,1,383906378.9726338,383906379.9726338
WLCt,L1,6.5,long,NA,133301609.18968454,569870462.3008687,703172071.4905533
WLCt,L2,6.5,long,NA,125884949.94183382,390789601.47354317,516674551.415377
WLCt,L3,6.5,long,NA,111676393.702357,278541087.46883273,390217481.1711897
WSCt,L1,6.5,short,NA,75452294.62594116,306124087.71317935,381576382.3391205
WSCt,L2,6.5,short,NA,166051348.6741224,238048965.2427265,404100313.9168489
WSCt,L3,6.5,short,NA,106171990.00106078,329296426.0077045,435468416.0087653
SNO,L1,7,none,1642015950.6048384,1,1733333.3333333335,1733334.3333333335
SNO,L2,7,none,2011599333.3199282,1,64173333.333333336,64173334.333333336
SNO,L3,7,none,1083189066.264232,1,4946666.666666667,4946667.666666667
WLO,L1,7,long,2182519474.22418,81905000,8616666.666666668,90521666.66666667
WLO,L2,7,long,1905044759.552433,48415000,12083333.333333334,60498333.333333336
WLO,L3,7,long,4408632765.517615,6023333.333333334,4748333.333333334,10771666.666666668
WSO,L1,7,short,638772956.2284132,32355000,1711666.6666666667,34066666.666666664
WSO,L2,7,short,1012215299.6847088,117145000,2221666.666666667,119366666.66666667
WSO,L3,7,short,204717650.31794173,32601666.666666668,4008333.3333333335,36610000
SNCt,L1,7,none,NA,1,367654496.6150137,367654497.6150137
SNCt,L2,7,none,NA,1,240876694.03624994,240876695.03624994
SNCt,L3,7,none,NA,1,246910204.44481084,246910205.44481084
WLCt,L1,7,long,NA,204120781.6100394,323547454.20766115,527668235.81770056
WLCt,L2,7,long,NA,155779014.22500306,246734143.66765335,402513157.89265645
WLCt,L3,7,long,NA,138588003.76804107,154109764.8558992,292697768.6239403
WSCt,L1,7,short,NA,87023502.30655189,181940187.29693288,268963689.60348475
WSCt,L2,7,short,NA,292189504.28799856,117342415.60315876,409531919.8911573
WSCt,L3,7,short,NA,117945997.81867023,149055217.97830844,267001215.79697865
SNO,L1,7.5,none,1237743314.509041,1,2165000,2165001
SNO,L2,7.5,none,3624346812.4992776,1,62255000,62255001
SNO,L3,7.5,none,506915280.10715747,1,30578333.333333336,30578334.333333336
WLO,L1,7.5,long,401224063.72469497,26565000,17266666.666666668,43831666.66666667
WLO,L2,7.5,long,500271319.7284703,12688333.333333334,47273333.333333336,59961666.66666667
WLO,L3,7.5,long,172983858.1668759,945000.5,5073333.333333333,6018333.833333333
WSO,L1,7.5,short,93772575.76882462,7180000,6485000,13665000
WSO,L2,7.5,short,298957450.98325646,10518333.333333334,32598333.333333336,43116666.66666667
WSO,L3,7.5,short,404878918.7262976,6998333.333333334,4551666.666666667,11550000
SNCt,L1,7.5,none,NA,1,467318120.13576424,467318121.13576424
SNCt,L2,7.5,none,NA,1,637323463.9810799,637323464.9810799
SNCt,L3,7.5,none,NA,1,741573779.2342787,741573780.2342787
WLCt,L1,7.5,long,NA,159846734.16577166,680530380.8089285,840377114.9747002
WLCt,L2,7.5,long,NA,166235172.8293116,548804722.7213695,715039895.5506811
WLCt,L3,7.5,long,NA,140500664.52001852,257640465.32065117,398141129.8406697
WSCt,L1,7.5,short,NA,145206721.6757401,262323268.68780565,407529990.3635458
WSCt,L2,7.5,short,NA,187975413.7220661,311469009.64214575,499444423.36421186
WSCt,L3,7.5,short,NA,141592045.34464628,648566402.8476778,790158448.1923242
SNO,L1,8,none,524707428.6091163,1,2404986.064800478,2404987.064800478
SNO,L2,8,none,627054951.6304841,1,98651125.05921364,98651126.05921364
SNO,L3,8,none,459989348.952777,1,25136609.122971557,25136610.122971557
WLO,L1,8,long,709311971.3625236,76048126.67962864,2440419.804567741,78488546.48419638
WLO,L2,8,long,916162025.9790471,50577802.43229696,13293852.719699614,63871655.151996575
WLO,L3,8,long,356780045.7450254,59453245.648901716,1434140.3834193815,60887386.032321095
WSO,L1,8,short,109653372.31149474,42157891.55556642,3237344.8272466324,45395236.38281305
WSO,L2,8,short,142173251.06571448,49370666.26515511,3986331.4321392504,53356997.697294354
WSO,L3,8,short,940753962.097203,80476758.91839823,3714595.0418293383,84191353.96022756
SNCt,L1,8,none,NA,1,387334284.76932323,387334285.76932323
SNCt,L2,8,none,NA,1,392683191.18249655,392683192.18249655
SNCt,L3,8,none,NA,1,610127332.4684012,610127333.4684012
WLCt,L1,8,long,NA,197821286.03826523,322993190.3654909,520814476.40375614
WLCt,L2,8,long,NA,192281271.2671324,243785481.8132467,436066753.0803791
WLCt,L3,8,long,NA,181841384.77582502,243649192.943686,425490577.71951103
WSCt,L1,8,short,NA,193810225.07757863,100288334.92671943,294098560.0042981
WSCt,L2,8,short,NA,227478117.42960078,328687404.11374736,556165521.5433481
WSCt,L3,8,short,NA,199048270.40581787,379469266.2369563,578517536.6427741
SNO,L1,8.5,none,566157718.2533267,1,14349619.351727683,14349620.351727683
SNO,L2,8.5,none,1274028623.2779994,1,63203301.82243681,63203302.82243681
SNO,L3,8.5,none,323210681.3434969,1,13232552.39992828,13232553.39992828
WLO,L1,8.5,long,420693914.37020135,44204931.67728924,8649241.988313954,52854173.66560319
WLO,L2,8.5,long,342915721.83560514,65424841.50367373,10646324.176442146,76071165.68011588
WLO,L3,8.5,long,610729713.1892915,23886767.547673684,7018106.430615803,30904873.978289485
WSO,L1,8.5,short,117814039.12538731,20971649.9103259,5475322.641440041,26446972.55176594
WSO,L2,8.5,short,161683694.3280361,18887937.779017348,36133706.66851709,55021644.44753444
WSO,L3,8.5,short,382795883.781395,11291139.5956203,19893273.673393346,31184413.269013647
SNCt,L1,8.5,none,NA,1,556716319.0619427,556716320.0619427
SNCt,L2,8.5,none,NA,1,324097817.65917015,324097818.65917015
SNCt,L3,8.5,none,NA,1,839362070.8267286,839362071.8267286
WLCt,L1,8.5,long,NA,180522185.0578667,471299814.86568606,651821999.9235528
WLCt,L2,8.5,long,NA,202286984.1281441,399728311.3333665,602015295.4615107
WLCt,L3,8.5,long,NA,113840468.26022439,411177323.19470376,525017791.45492816
WSCt,L1,8.5,short,NA,39838484.23294077,648372699.4856281,688211183.7185689
WSCt,L2,8.5,short,NA,86384720.2902391,547063234.2393049,633447954.529544
WSCt,L3,8.5,short,NA,156033416.14789775,573188907.0230877,729222323.1709855
SNO,L1,9,none,439800593.7830116,1,13233374.530339256,13233375.530339256
SNO,L2,9,none,1690447207.7332354,1,66308152.22026509,66308153.22026509
SNO,L3,9,none,569925817.4721577,1,13637802.61226124,13637803.61226124
WLO,L1,9,long,730538281.8594419,81579943.07853027,670525.5605726333,82250468.6391029
WLO,L2,9,long,714950604.4271407,102481674.9297333,2403766.4984313427,104885441.42816465
WLO,L3,9,long,1836197022.9221098,51457487.29441569,1569156.3386074435,53026643.633023135
WSO,L1,9,short,155281119.10482138,44628134.819092914,2618160.554526938,47246295.373619854
WSO,L2,9,short,176703336.00743395,43978237.11264266,3400385.0024130093,47378622.11505567
WSO,L3,9,short,927812402.0519402,35226795.91472171,2495684.849960477,37722480.76468219
SNCt,L1,9,none,NA,1,275279161.4465232,275279162.4465232
SNCt,L2,9,none,NA,1,253373381.8515371,253373382.8515371
SNCt,L3,9,none,NA,1,697753199.0098383,697753200.0098383
WLCt,L1,9,long,NA,201282292.59069932,268194086.31654918,469476378.9072485
WLCt,L2,9,long,NA,271927285.8072537,306342329.0607822,578269614.8680359
WLCt,L3,9,long,NA,135860075.58090657,185597626.64341968,321457702.22432625
WSCt,L1,9,short,NA,78051215.10855493,465930901.54097056,543982116.6495255
WSCt,L2,9,short,NA,94782340.21973024,276487402.1917695,371269742.41149974
WSCt,L3,9,short,NA,174342392.57791194,328709590.0742059,503051982.65211785
SNO,L1,9.5,none,341870452.6586402,1,44256179.29257125,44256180.29257125
SNO,L2,9.5,none,620238489.190389,1,83130280.74494052,83130281.74494052
SNO,L3,9.5,none,93224905.710006,1,18371366.638280638,18371367.638280638
WLO,L1,9.5,long,265146571.62743914,31140792.946786903,20867564.50890156,52008357.45568846
WLO,L2,9.5,long,558126322.8028226,25651896.743070107,24819276.997937616,50471173.74100772
WLO,L3,9.5,long,122514695.25932066,42726813.630687684,5044999.501839573,47771813.132527255
WSO,L1,9.5,short,81972740.97997788,23741826.360053368,6211075.716167251,29952902.076220617
WSO,L2,9.5,short,115566312.00003311,33515129.516963772,23093490.503278688,56608620.02024246
WSO,L3,9.5,short,303320037.1246716,11871810.10686522,27789116.860179715,39660926.967044935
SNCt,L1,9.5,none,NA,1,968670411.3343083,968670412.3343083
SNCt,L2,9.5,none,NA,1,585602780.7758497,585602781.7758497
SNCt,L3,9.5,none,NA,1,589561214.7689407,589561215.7689407
WLCt,L1,9.5,long,NA,149385126.53702056,529263923.8742261,678649050.4112467
WLCt,L2,9.5,long,NA,353418182.9350027,367694997.9020649,721113180.8370676
WLCt,L3,9.5,long,NA,321217066.57050854,325496985.92425096,646714052.4947596
WSCt,L1,9.5,short,NA,178374758.1314698,366836107.1742872,545210865.305757
WSCt,L2,9.5,short,NA,390982606.2744659,246085063.04836386,637067669.3228297
WSCt,L3,9.5,short,NA,205498925.3390361,315013740.7039093,520512666.0429454
SNO,L1,10,none,307479717.10435176,1,35987241.58292585,35987242.58292585
SNO,L2,10,none,1225435927.2222397,1,89658358.79288323,89658359.79288323
SNO,L3,10,none,209259342.10949823,1,16942004.530695356,16942005.530695356
WLO,L1,10,long,182180087.81523073,39429720.30198063,7563234.37037451,46992954.67235514
WLO,L2,10,long,508004467.7710663,41300205.84899822,7301650.507910658,48601856.35690887
WLO,L3,10,long,373897963.0053097,90320088.18941492,3368911.9271126627,93689000.11652759
WSO,L1,10,short,287851339.9493693,69994562.62023795,2135943.6729462845,72130506.29318424
WSO,L2,10,short,177324340.7095077,68309449.66784528,4020838.3558341367,72330288.02367942
WSO,L3,10,short,915225490.4652196,23863557.234651037,11369359.722459693,35232916.95711073
SNCt,L1,10,none,NA,1,259724574.34659606,259724575.34659606
SNCt,L2,10,none,NA,1,385716097.66808325,385716098.66808325
SNCt,L3,10,none,NA,1,363001083.4112297,363001084.4112297
WLCt,L1,10,long,NA,186426072.18127686,263395430.4277065,449821502.6089834
WLCt,L2,10,long,NA,605431124.9933102,37678647.36132802,643109772.3546382
WLCt,L3,10,long,NA,354299653.0134257,203097174.5496809,557396827.5631065
WSCt,L1,10,short,NA,237552046.04817247,326276897.1534917,563828943.2016642
WSCt,L2,10,short,NA,535332693.4889972,33709770.240374185,569042463.7293714
WSCt,L3,10,short,NA,244142321.5741085,282597045.5017798,526739367.0758883
SNO,L1,10.5,none,225139592.30866933,1,45986442.903349176,45986443.903349176
SNO,L2,10.5,none,2653153153.654026,1,95326121.45922449,95326122.45922449
SNO,L3,10.5,none,592851819.3087466,1,22270797.1007112,22270798.1007112
WLO,L1,10.5,long,360654687.60216045,16052306.412415817,18200075.95098339,34252382.36339921
WLO,L2,10.5,long,485810423.24938786,7351722.792329672,41852743.503247574,49204466.29557724
WLO,L3,10.5,long,364062050.64492035,9511081.823711608,28794319.137878396,38305400.96159001
WSO,L1,10.5,short,110351160.0625946,35386842.695027396,4990152.844033005,40376995.5390604
WSO,L2,10.5,short,149223789.78431433,20524827.470147714,23457951.619265918,43982779.08941363
WSO,L3,10.5,short,93799941.88906124,655868.754564975,1926103.4263604525,2581972.1809254275
SNCt,L1,10.5,none,NA,1,659344320.1200182,659344321.1200182
SNCt,L2,10.5,none,NA,1,664280981.2671576,664280982.2671576
SNCt,L3,10.5,none,NA,1,876598950.774646,876598951.774646
WLCt,L1,10.5,long,NA,210999238.86633086,525443471.4276967,736442710.2940276
WLCt,L2,10.5,long,NA,206280513.1832123,310966934.0403515,517247447.2235638
WLCt,L3,10.5,long,NA,431415156.91065097,211293634.67767227,642708791.5883232
WSCt,L1,10.5,short,NA,194270774.2907089,411069921.1419829,605340695.4326918
WSCt,L2,10.5,short,NA,251420980.71277684,278585970.1195565,530006950.8323333
WSCt,L3,10.5,short,NA,187427842.60788876,493703620.6489701,681131463.2568588
SNO,L1,11,none,447527633.77401257,1,16655047.660993487,16655048.660993487
SNO,L2,11,none,804484044.7474046,1,121694291.81176361,121694292.81176361
SNO,L3,11,none,329858225.32673943,1,13836585.816290658,13836586.816290658
WLO,L1,11,long,705337561.1389215,57801706.695321575,4333529.737654732,62135236.432976305
WLO,L2,11,long,1137342721.945085,53823030.61699372,9918465.880836971,63741496.49783069
WLO,L3,11,long,810051497.0829245,83317697.90273964,2283757.344348075,85601455.24708772
WSO,L1,11,short,240273892.20769435,58531298.33213702,3721106.0396353574,62252404.37177238
WSO,L2,11,short,209430759.07584488,63521995.14799471,3549444.113479426,67071439.26147414
WSO,L3,11,short,358993516.7188889,48640623.81691761,5628182.831256557,54268806.64817417
SNCt,L1,11,none,NA,1,369512489.41486084,369512490.41486084
SNCt,L2,11,none,NA,1,408974721.9721626,408974722.9721626
SNCt,L3,11,none,NA,1,451984654.0929445,451984655.0929445
WLCt,L1,11,long,NA,232593704.87234598,320019890.5796138,552613595.4519598
WLCt,L2,11,long,NA,297486527.070468,120394198.41990991,417880725.4903779
WLCt,L3,11,long,NA,484158862.152273,216611198.36466599,700770060.5169389
WSCt,L1,11,short,NA,267129085.1534552,162316631.49333715,429445716.64679235
WSCt,L2,11,short,NA,275472242.33884066,143302778.8233433,418775021.162184
WSCt,L3,11,short,NA,230610181.44184953,180086033.02487963,410696214.46672916
SNO,L1,11.5,none,233786352.22810614,1,33296965.937186852,33296966.937186852
SNO,L2,11.5,none,494738190.4544352,1,112543372.98793352,112543373.98793352
SNO,L3,11.5,none,283679428.9026244,1,27714502.41237977,27714503.41237977
WLO,L1,11.5,long,300971694.09625506,10807201.492274165,34521585.93925521,45328787.43152937
WLO,L2,11.5,long,391182305.0936655,16949780.253606785,31541111.745227784,48490891.998834565
WLO,L3,11.5,long,408651768.8774617,28139083.367576223,39418860.30261302,67557943.67018925
WSO,L1,11.5,short,91085316.1357938,47605912.963599816,2105954.057333028,49711867.020932846
WSO,L2,11.5,short,125703239.68518832,42106785.63651783,26256697.247180708,68363482.88369854
WSO,L3,11.5,short,479164008.80521333,24540199.47617875,10559553.236072809,35099752.71225156
SNCt,L1,11.5,none,NA,1,620296768.1850731,620296769.1850731
SNCt,L2,11.5,none,NA,1,571588882.2829964,571588883.2829964
SNCt,L3,11.5,none,NA,1,807808190.7340329,807808191.7340329
WLCt,L1,11.5,long,NA,501260451.1103714,431744949.84044135,933005400.9508128
WLCt,L2,11.5,long,NA,257070840.9520166,348994791.93338335,606065632.8853999
WLCt,L3,11.5,long,NA,407847059.7737874,277582541.6594024,685429601.4331897
WSCt,L1,11.5,short,NA,240032509.82490164,341146925.0401438,581179434.8650454
WSCt,L2,11.5,short,NA,570309997.3089478,163782254.97604698,734092252.2849948
WSCt,L3,11.5,short,NA,244128824.33490258,345038220.50279,589167044.8376925
SNO,L1,12,none,260404976.42846483,1,31540310.05124306,31540311.05124306
SNO,L2,12,none,1080338598.663137,1,86834720.19843268,86834721.19843268
SNO,L3,12,none,474931454.8021109,1,25218842.731346242,25218843.731346242
WLO,L1,12,long,482403128.2503039,20616804.639934663,26492519.077776,47109323.71771066
WLO,L2,12,long,784477296.9716538,104200036.4079372,23711246.10198127,127911282.50991847
WLO,L3,12,long,899881264.9243374,89312829.25101227,4258520.0543942675,93571349.30540654
WSO,L1,12,short,1495837705.5555587,74749843.69716644,1396303.4170747136,76146147.11424115
WSO,L2,12,short,251066483.68551415,88500598.28817375,1446450.1138552711,89947048.40202902
WSO,L3,12,short,221201127.69709876,60368887.85543449,17113888.519798033,77482776.37523252
SNCt,L1,12,none,NA,1,397038280.3711663,397038281.3711663
SNCt,L2,12,none,NA,1,459788858.9398023,459788859.9398023
SNCt,L3,12,none,NA,1,464806016.6339226,464806017.6339226
WLCt,L1,12,long,NA,521286361.8101525,278205664.2403884,799492026.0505409
WLCt,L2,12,long,NA,285198084.11775184,172602740.99230576,457800825.1100576
WLCt,L3,12,long,NA,478487452.9011744,300593481.8863282,779080934.7875026
WSCt,L1,12,short,NA,293234269.9096048,182566108.05268952,475800377.96229434
WSCt,L2,12,short,NA,618688868.0392301,21084249.01989034,639773117.0591204
WSCt,L3,12,short,NA,248887201.70786732,306309841.4407615,555197043.1486288
SNO,L1,12.5,none,317408532.16495717,1,17524745.17201665,17524746.17201665
SNO,L2,12.5,none,268989235.1498257,1,109642419.72936676,109642420.72936676
SNO,L3,12.5,none,320511093.33709526,1,17391635.89465936,17391636.89465936
WLO,L1,12.5,long,173277190.90443364,6128320.73024024,16635065.216809433,22763385.947049674
WLO,L2,12.5,long,524783604.7403563,44439624.64751862,35115652.928695425,79555277.57621405
WLO,L3,12.5,long,415314649.4004327,42041229.26416936,29323370.19012636,71364599.45429572
WSO,L1,12.5,short,102026420.357604,62191285.60688552,2977725.1465734076,65169010.75345893
WSO,L2,12.5,short,146144060.9118017,22603400.952338837,29475603.36529103,52079004.31762987
WSO,L3,12.5,short,296348017.03887856,26853766.1649948,36510826.36138329,63364592.52637809
SNCt,L1,12.5,none,NA,1,574370563.149694,574370564.149694
SNCt,L2,12.5,none,NA,1,1069453424.3976476,1069453425.3976476
SNCt,L3,12.5,none,NA,1,651981339.1053264,651981340.1053264
WLCt,L1,12.5,long,NA,571942876.5961316,254393399.52464938,826336276.120781
WLCt,L2,12.5,long,NA,329281683.51332617,462107738.11539626,791389421.6287224
WLCt,L3,12.5,long,NA,592674619.8014143,301472236.5782583,894146856.3796725
WSCt,L1,12.5,short,NA,260844337.22041717,334338777.51291037,595183114.7333275
WSCt,L2,12.5,short,NA,259376870.40235475,325242036.21637964,584618906.6187344
WSCt,L3,12.5,short,NA,230103852.3187817,494724608.6148741,724828460.9336559
SNO,L1,13,none,144405637.64621043,1,12474073.335188758,12474074.335188758
SNO,L2,13,none,163971648.49418533,1,124617118.32442021,124617119.32442021
SNO,L3,13,none,411612816.80318815,1,14595748.876233041,14595749.876233041
WLO,L1,13,long,1276612538.8527257,16993925.465417698,16279983.487094805,33273908.952512503
WLO,L2,13,long,911346740.4676988,68561694.91240008,22836487.871059828,91398182.7834599
WLO,L3,13,long,1873931431.6297438,122205662.47264725,3684313.6612049425,125889976.1338522
WSO,L1,13,short,234102647.78742123,82458047.49394721,1923432.2509479919,84381479.7448952
WSO,L2,13,short,115124042.96884894,42037270.29268081,3231964.480413436,45269234.773094244
WSO,L3,13,short,226369026.03255904,36408340.82758172,43076355.49656324,79484696.32414496
SNCt,L1,13,none,NA,1,409883565.16656923,409883566.16656923
SNCt,L2,13,none,NA,1,560412399.6953292,560412400.6953292
SNCt,L3,13,none,NA,1,435649356.8097199,435649357.8097199
WLCt,L1,13,long,NA,697249736.0569713,155678047.78545633,852927783.8424276
WLCt,L2,13,long,NA,619620152.7214335,79243024.95843348,698863177.679867
WLCt,L3,13,long,NA,849200186.4559793,115637028.42666951,964837214.8826488
WSCt,L1,13,short,NA,299228176.31198907,260811551.5589615,560039727.8709506
WSCt,L2,13,short,NA,355499659.6767013,279355745.26283365,634855404.9395349
WSCt,L3,13,short,NA,247670523.3872143,289745199.7642028,537415723.151417
SNO,L1,13.5,none,99756707.38960803,1,16900749.536422126,16900750.536422126
SNO,L2,13.5,none,176406189.11247543,1,71740934.77491194,71740935.77491194
SNO,L3,13.5,none,207670958.43887445,1,16727553.656952824,16727554.656952824
WLO,L1,13.5,long,328887944.4180012,33879108.61748071,20928397.34554851,54807505.96302922
WLO,L2,13.5,long,363377934.4144127,68605759.11761722,28493346.532515302,97099105.65013252
WLO,L3,13.5,long,495433437.8347189,23922089.12376609,15116391.677480899,39038480.801246986
WSO,L1,13.5,short,85688863.27176453,90434775.83554223,1839082.7207867494,92273858.55632898
WSO,L2,13.5,short,63419317.22991167,30998727.395280596,24123678.498823997,55122405.89410459
WSO,L3,13.5,short,156415873.51964396,47041196.77150463,4375602.162723098,51416798.934227735
SNCt,L1,13.5,none,NA,1,1193511108.311882,1193511109.311882
SNCt,L2,13.5,none,NA,1,543026951.133624,543026952.133624
SNCt,L3,13.5,none,NA,1,625515018.5513711,625515019.5513711
WLCt,L1,13.5,long,NA,418419095.4354996,162784492.2877285,581203587.7232281
WLCt,L2,13.5,long,NA,187385266.7129712,293293296.5061608,480678563.219132
WLCt,L3,13.5,long,NA,458675754.07668924,139471463.11506408,598147217.1917534
WSCt,L1,13.5,short,NA,236962802.0533774,319890152.5502392,556852954.6036166
WSCt,L2,13.5,short,NA,265558436.4931351,285487280.0777377,551045716.5708728
WSCt,L3,13.5,short,NA,258629111.40566716,334070215.4321975,592699326.8378646
SNO,L1,14,none,148943357.1110062,1,10852743.42452309,10852744.42452309
SNO,L2,14,none,171829187.87929812,1,81332091.28516711,81332092.28516711
SNO,L3,14,none,467598529.51771474,1,13020074.76519587,13020075.76519587
WLO,L1,14,long,1374562389.1609278,72329516.5988442,3250884.4456097377,75580401.04445393
WLO,L2,14,long,925962827.014249,81966268.33612308,15093103.666262634,97059372.0023857
WLO,L3,14,long,2388605590.4252243,99535147.00531808,1094839.5922678902,100629986.59758596
WSO,L1,14,short,265509909.68033737,109423799.60725105,653864.9521898925,110077664.55944094
WSO,L2,14,short,120462332.9715628,67340682.06400713,3036823.1850862126,70377505.24909334
WSO,L3,14,short,259528658.6233582,69470322.39684877,28400337.140018262,97870659.53686702
SNCt,L1,14,none,NA,1,736642455.8995221,736642456.8995221
SNCt,L2,14,none,NA,1,372875810.2626391,372875811.2626391
SNCt,L3,14,none,NA,1,416419722.06666577,416419723.06666577
WLCt,L1,14,long,NA,482556284.78057754,318133372.8996974,800689657.680275
WLCt,L2,14,long,NA,234076887.42044985,203279817.79274097,437356705.2131908
WLCt,L3,14,long,NA,488824995.1286048,220318704.9395947,709143700.0681995
WSCt,L1,14,short,NA,266516872.65436357,254501190.54011112,521018063.1944747
WSCt,L2,14,short,NA,435246861.2993225,157243634.45442563,592490495.7537482
WSCt,L3,14,short,NA,284600216.3959104,319175070.7002392,603775287.0961496
