culture,line,Time,seed.bank,phage.ml,spore.ml,veg.ml,cell.ml,host,phage,flask
SNO,L1,0,no-seed-bank,100000,1,512973585.4102929,512973586.4102929,dSpoIIE,SPO1,SNO-L1
SNO,L2,0,no-seed-bank,100000,1,512973585.4102929,512973586.4102929,dSpoIIE,SPO1,SNO-L2
SNO,L3,0,no-seed-bank,100000,1,512973585.4102929,512973586.4102929,dSpoIIE,SPO1,SNO-L3
WLO,L1,0,with-seed-bank,100000,184905757.84151375,318778846.08747584,503684603.9289896,WT,SPO1,WLO-L1
WLO,L2,0,with-seed-bank,100000,184905757.84151375,318778846.08747584,503684603.9289896,WT,SPO1,WLO-L2
WLO,L3,0,with-seed-bank,100000,184905757.84151375,318778846.08747584,503684603.9289896,WT,SPO1,WLO-L3
SNCt,L1,0,no-seed-bank,NA,1,595457114.8982598,595457115.8982598,dSpoIIE,no_Phage,SNCt-L1
SNCt,L2,0,no-seed-bank,NA,1,595457114.8982598,595457115.8982598,dSpoIIE,no_Phage,SNCt-L2
SNCt,L3,0,no-seed-bank,NA,1,595457114.8982598,595457115.8982598,dSpoIIE,no_Phage,SNCt-L3
WLCt,L1,0,with-seed-bank,NA,194050875.64228034,296742844.8591957,490793720.50147605,WT,no_Phage,WLCt-L1
WLCt,L2,0,with-seed-bank,NA,194050875.64228034,296742844.8591957,490793720.50147605,WT,no_Phage,WLCt-L2
WLCt,L3,0,with-seed-bank,NA,194050875.64228034,296742844.8591957,490793720.50147605,WT,no_Phage,WLCt-L3
SNO,L1,0.5,no-seed-bank,361670579.1450105,1,661284610.2623761,661284611.2623761,dSpoIIE,SPO1,SNO-L1
SNO,L2,0.5,no-seed-bank,244321035.73683628,1,657202673.7884946,657202674.7884946,dSpoIIE,SPO1,SNO-L2
SNO,L3,0.5,no-seed-bank,240321073.52552438,1,602939150.1364036,602939151.1364036,dSpoIIE,SPO1,SNO-L3
WLO,L1,0.5,with-seed-bank,391636461.0572784,8259034.35528724,435609257.65163475,443868292.006922,WT,SPO1,WLO-L1
WLO,L2,0.5,with-seed-bank,264602780.51677114,13747100.117490243,543447749.0291266,557194849.1466169,WT,SPO1,WLO-L2
WLO,L3,0.5,with-seed-bank,347950007.6389067,3989470.7857374437,538106254.4124391,542095725.1981765,WT,SPO1,WLO-L3
SNCt,L1,0.5,no-seed-bank,NA,1,497433747.26027554,497433748.26027554,dSpoIIE,no_Phage,SNCt-L1
SNCt,L2,0.5,no-seed-bank,NA,1,370151367.4805189,370151368.4805189,dSpoIIE,no_Phage,SNCt-L2
SNCt,L3,0.5,no-seed-bank,NA,1,408846238.88594246,408846239.88594246,dSpoIIE,no_Phage,SNCt-L3
WLCt,L1,0.5,with-seed-bank,NA,165722342.30886155,236346369.13515913,402068711.4440207,WT,no_Phage,WLCt-L1
WLCt,L2,0.5,with-seed-bank,NA,202685410.25233352,239797182.661584,442482592.91391754,WT,no_Phage,WLCt-L2
WLCt,L3,0.5,with-seed-bank,NA,143009642.81678843,255982361.52122593,398992004.33801436,WT,no_Phage,WLCt-L3
SNO,L1,1,no-seed-bank,582875687.825259,1,420077833.7986557,420077834.7986557,dSpoIIE,SPO1,SNO-L1
SNO,L2,1,no-seed-bank,1152786663.596972,1,428826923.07692313,428826924.07692313,dSpoIIE,SPO1,SNO-L2
SNO,L3,1,no-seed-bank,602446747.622036,1,260177251.42845282,260177252.42845282,dSpoIIE,SPO1,SNO-L3
WLO,L1,1,with-seed-bank,805799192.5376439,232579155.55450612,92226691.14019,324805846.6946961,WT,SPO1,WLO-L1
WLO,L2,1,with-seed-bank,952313132.8599093,206046691.40383425,139467129.9051353,345513821.30896956,WT,SPO1,WLO-L2
WLO,L3,1,with-seed-bank,748692680.7128918,186104429.4317711,131878976.33873029,317983405.7705014,WT,SPO1,WLO-L3
SNCt,L1,1,no-seed-bank,NA,1,270189004.1336119,270189005.1336119,dSpoIIE,no_Phage,SNCt-L1
SNCt,L2,1,no-seed-bank,NA,1,204099873.81503433,204099874.81503433,dSpoIIE,no_Phage,SNCt-L2
SNCt,L3,1,no-seed-bank,NA,1,204495359.39020878,204495360.39020878,dSpoIIE,no_Phage,SNCt-L3
WLCt,L1,1,with-seed-bank,NA,212159452.0682835,96482022.80875789,308641474.8770414,WT,no_Phage,WLCt-L1
WLCt,L2,1,with-seed-bank,NA,249849439.8404311,106006144.22505778,355855584.0654889,WT,no_Phage,WLCt-L2
WLCt,L3,1,with-seed-bank,NA,135061921.77650848,101346816.15171531,236408737.9282238,WT,no_Phage,WLCt-L3
SNO,L1,1.5,no-seed-bank,1868880856.8912868,1,4155000,4155001,dSpoIIE,SPO1,SNO-L1
SNO,L2,1.5,no-seed-bank,1520591154.8375788,1,1898333.3333333335,1898334.3333333335,dSpoIIE,SPO1,SNO-L2
SNO,L3,1.5,no-seed-bank,1067420397.4963281,1,1216666.6666666667,1216667.6666666667,dSpoIIE,SPO1,SNO-L3
WLO,L1,1.5,with-seed-bank,974414688.5610478,42876666.66666667,69866666.66666667,112743333.33333334,WT,SPO1,WLO-L1
WLO,L2,1.5,with-seed-bank,768933796.4520837,13455000,37661666.66666667,51116666.66666667,WT,SPO1,WLO-L2
WLO,L3,1.5,with-seed-bank,425674158.4827259,128603181.43765227,90997880.41298488,219601061.85063714,WT,SPO1,WLO-L3
SNCt,L1,1.5,no-seed-bank,NA,1,354430867.4819921,354430868.4819921,dSpoIIE,no_Phage,SNCt-L1
SNCt,L2,1.5,no-seed-bank,NA,1,523821700.2506115,523821701.2506115,dSpoIIE,no_Phage,SNCt-L2
SNCt,L3,1.5,no-seed-bank,NA,1,507162755.8669888,507162756.8669888,dSpoIIE,no_Phage,SNCt-L3
WLCt,L1,1.5,with-seed-bank,NA,174338491.7424991,309831260.7551862,484169752.4976853,WT,no_Phage,WLCt-L1
WLCt,L2,1.5,with-seed-bank,NA,249011012.58700955,301153626.19936836,550164638.7863779,WT,no_Phage,WLCt-L2
WLCt,L3,1.5,with-seed-bank,NA,163711339.24995643,325992870.1604003,489704209.4103567,WT,no_Phage,WLCt-L3
SNO,L1,2,no-seed-bank,6617570829.4609995,1,5910000,5910001,dSpoIIE,SPO1,SNO-L1
SNO,L2,2,no-seed-bank,5670922256.485211,1,2695000,2695001,dSpoIIE,SPO1,SNO-L2
SNO,L3,2,no-seed-bank,4581950834.390759,1,523333.8333333334,523334.8333333334,dSpoIIE,SPO1,SNO-L3
WLO,L1,2,with-seed-bank,3463678201.67667,128618333.33333334,9070000,137688333.33333334,WT,SPO1,WLO-L1
WLO,L2,2,with-seed-bank,3895596707.425412,36128333.333333336,1926666.6666666667,38055000,WT,SPO1,WLO-L2
WLO,L3,2,with-seed-bank,2525120077.9080677,188597050.78691536,15983830.520736303,204580881.30765167,WT,SPO1,WLO-L3
SNCt,L1,2,no-seed-bank,NA,1,157557892.20780832,157557893.20780832,dSpoIIE,no_Phage,SNCt-L1
SNCt,L2,2,no-seed-bank,NA,1,208024884.83470467,208024885.83470467,dSpoIIE,no_Phage,SNCt-L2
SNCt,L3,2,no-seed-bank,NA,1,157706752.68995553,157706753.68995553,dSpoIIE,no_Phage,SNCt-L3
WLCt,L1,2,with-seed-bank,NA,197787114.08320314,103546975.09385148,301334089.17705464,WT,no_Phage,WLCt-L1
WLCt,L2,2,with-seed-bank,NA,310893655.9636514,76697019.13557571,387590675.09922713,WT,no_Phage,WLCt-L2
WLCt,L3,2,with-seed-bank,NA,196137328.0446593,100459946.89384183,296597274.9385011,WT,no_Phage,WLCt-L3
SNO,L1,2.5,no-seed-bank,443469873.6028291,1,2373333.3333333335,2373334.3333333335,dSpoIIE,SPO1,SNO-L1
SNO,L2,2.5,no-seed-bank,531673865.3322027,1,100000,100000,dSpoIIE,SPO1,SNO-L2
SNO,L3,2.5,no-seed-bank,697684097.7243512,1,100000,100000,dSpoIIE,SPO1,SNO-L3
WLO,L1,2.5,with-seed-bank,1046260954.6869293,35138333.333333336,25463333.333333336,60601666.66666667,WT,SPO1,WLO-L1
WLO,L2,2.5,with-seed-bank,1120657863.0888638,6096666.666666667,30546666.666666668,36643333.333333336,WT,SPO1,WLO-L2
WLO,L3,2.5,with-seed-bank,831527256.2637336,9713333.333333334,35986666.66666667,45700000.00000001,WT,SPO1,WLO-L3
SNCt,L1,2.5,no-seed-bank,NA,1,357427601.8521518,357427602.8521518,dSpoIIE,no_Phage,SNCt-L1
SNCt,L2,2.5,no-seed-bank,NA,1,407840337.9899202,407840338.9899202,dSpoIIE,no_Phage,SNCt-L2
SNCt,L3,2.5,no-seed-bank,NA,1,387018208.9390743,387018209.9390743,dSpoIIE,no_Phage,SNCt-L3
WLCt,L1,2.5,with-seed-bank,NA,138226927.79667318,287966098.4734063,426193026.2700795,WT,no_Phage,WLCt-L1
WLCt,L2,2.5,with-seed-bank,NA,141424897.5109703,366731299.630817,508156197.1417873,WT,no_Phage,WLCt-L2
WLCt,L3,2.5,with-seed-bank,NA,138930546.87662053,324480135.04799616,463410681.9246167,WT,no_Phage,WLCt-L3
SNO,L1,3,no-seed-bank,3967212364.4630833,1,2971666.666666667,2971667.666666667,dSpoIIE,SPO1,SNO-L1
SNO,L2,3,no-seed-bank,3627628661.8455877,1,100000,100000,dSpoIIE,SPO1,SNO-L2
SNO,L3,3,no-seed-bank,5214677037.384954,1,4158333.3333333335,4158334.3333333335,dSpoIIE,SPO1,SNO-L3
WLO,L1,3,with-seed-bank,4689252064.427972,71358333.33333334,9140000,80498333.33333334,WT,SPO1,WLO-L1
WLO,L2,3,with-seed-bank,4230572014.6080194,21091666.666666668,10826666.666666668,31918333.333333336,WT,SPO1,WLO-L2
WLO,L3,3,with-seed-bank,7516781007.861116,65391666.66666667,8393333.333333334,73785000,WT,SPO1,WLO-L3
SNCt,L1,3,no-seed-bank,NA,1,166951209.13255006,166951210.13255006,dSpoIIE,no_Phage,SNCt-L1
SNCt,L2,3,no-seed-bank,NA,1,258809892.20400903,258809893.20400903,dSpoIIE,no_Phage,SNCt-L2
SNCt,L3,3,no-seed-bank,NA,1,285308955.81765604,285308956.81765604,dSpoIIE,no_Phage,SNCt-L3
WLCt,L1,3,with-seed-bank,NA,175939346.21709323,91452384.94206041,267391731.15915364,WT,no_Phage,WLCt-L1
WLCt,L2,3,with-seed-bank,NA,160396260.78817457,100501594.06724745,260897854.85542202,WT,no_Phage,WLCt-L2
WLCt,L3,3,with-seed-bank,NA,159796076.37211683,95853952.7856026,255650029.15771943,WT,no_Phage,WLCt-L3
SNO,L1,3.5,no-seed-bank,1611736921.5123503,1,6695000,6695001,dSpoIIE,SPO1,SNO-L1
SNO,L2,3.5,no-seed-bank,827982964.9048722,1,13465000,13465001,dSpoIIE,SPO1,SNO-L2
SNO,L3,3.5,no-seed-bank,527507559.87719965,1,9641666.666666668,9641667.666666668,dSpoIIE,SPO1,SNO-L3
WLO,L1,3.5,with-seed-bank,915775186.1264544,20442473.480191343,126527151.04130894,146969624.5215003,WT,SPO1,WLO-L1
WLO,L2,3.5,with-seed-bank,938157546.6329641,69078333.33333334,17758333.333333336,86836666.66666669,WT,SPO1,WLO-L2
WLO,L3,3.5,with-seed-bank,1187994568.9498649,665000,28191666.666666668,28856666.666666668,WT,SPO1,WLO-L3
SNCt,L1,3.5,no-seed-bank,NA,1,484865116.3651882,484865117.3651882,dSpoIIE,no_Phage,SNCt-L1
SNCt,L2,3.5,no-seed-bank,NA,1,362897935.73068833,362897936.73068833,dSpoIIE,no_Phage,SNCt-L2
SNCt,L3,3.5,no-seed-bank,NA,1,428167969.45994836,428167970.45994836,dSpoIIE,no_Phage,SNCt-L3
WLCt,L1,3.5,with-seed-bank,NA,231973597.6011117,234280883.29442894,466254480.89554065,WT,no_Phage,WLCt-L1
WLCt,L2,3.5,with-seed-bank,NA,150273690.9137075,281212316.6348518,431486007.5485593,WT,no_Phage,WLCt-L2
WLCt,L3,3.5,with-seed-bank,NA,150274206.16162145,301187516.8513752,451461723.0129967,WT,no_Phage,WLCt-L3
SNO,L1,4,no-seed-bank,1182333835.6997476,1,12700000,12700001,dSpoIIE,SPO1,SNO-L1
SNO,L2,4,no-seed-bank,360984868.99665,1,34358333.333333336,34358334.333333336,dSpoIIE,SPO1,SNO-L2
SNO,L3,4,no-seed-bank,413402234.5840014,1,15510000,15510001,dSpoIIE,SPO1,SNO-L3
WLO,L1,4,with-seed-bank,1999995018.3705323,188761432.66387227,4220234.608599594,192981667.27247187,WT,SPO1,WLO-L1
WLO,L2,4,with-seed-bank,441912756.4546001,159025454.06704378,14565806.069777891,173591260.1368217,WT,SPO1,WLO-L2
WLO,L3,4,with-seed-bank,2568398646.344369,65700000,7390000,73090000,WT,SPO1,WLO-L3
SNCt,L1,4,no-seed-bank,NA,1,244661148.5889097,244661149.5889097,dSpoIIE,no_Phage,SNCt-L1
SNCt,L2,4,no-seed-bank,NA,1,174519900.5527526,174519901.5527526,dSpoIIE,no_Phage,SNCt-L2
SNCt,L3,4,no-seed-bank,NA,1,223012388.51552066,223012389.51552066,dSpoIIE,no_Phage,SNCt-L3
WLCt,L1,4,with-seed-bank,NA,302516655.50629216,103336025.02292745,405852680.5292196,WT,no_Phage,WLCt-L1
WLCt,L2,4,with-seed-bank,NA,175347926.28496444,86792548.72936988,262140475.01433432,WT,no_Phage,WLCt-L2
WLCt,L3,4,with-seed-bank,NA,193056690.5594318,83412004.73508123,276468695.294513,WT,no_Phage,WLCt-L3
SNO,L1,4.5,no-seed-bank,1063094939.769021,1,3185000,3185001,dSpoIIE,SPO1,SNO-L1
SNO,L2,4.5,no-seed-bank,1541485878.344892,1,12073333.333333334,12073334.333333334,dSpoIIE,SPO1,SNO-L2
SNO,L3,4.5,no-seed-bank,906529633.8087559,1,820000,820001,dSpoIIE,SPO1,SNO-L3
WLO,L1,4.5,with-seed-bank,4091381491.8737288,2888333.3333333335,5930000,8818333.333333334,WT,SPO1,WLO-L1
WLO,L2,4.5,with-seed-bank,378313999.38120794,48309043.45611951,33312203.926894136,81621247.38301364,WT,SPO1,WLO-L2
WLO,L3,4.5,with-seed-bank,1164338527.765551,6606666.666666667,24388333.333333336,30995000.000000004,WT,SPO1,WLO-L3
SNCt,L1,4.5,no-seed-bank,NA,1,543176653.4888288,543176654.4888288,dSpoIIE,no_Phage,SNCt-L1
SNCt,L2,4.5,no-seed-bank,NA,1,454337389.1157385,454337390.1157385,dSpoIIE,no_Phage,SNCt-L2
SNCt,L3,4.5,no-seed-bank,NA,1,530297403.04604256,530297404.04604256,dSpoIIE,no_Phage,SNCt-L3
WLCt,L1,4.5,with-seed-bank,NA,199060722.93380958,328090398.29528165,527151121.2290912,WT,no_Phage,WLCt-L1
WLCt,L2,4.5,with-seed-bank,NA,205193625.23472643,299951989.5937844,505145614.8285108,WT,no_Phage,WLCt-L2
WLCt,L3,4.5,with-seed-bank,NA,166221615.66759902,283654889.02192503,449876504.68952405,WT,no_Phage,WLCt-L3
SNO,L1,5,no-seed-bank,363048238.2291684,1,5928333.333333334,5928334.333333334,dSpoIIE,SPO1,SNO-L1
SNO,L2,5,no-seed-bank,2227561839.076833,1,30101666.666666668,30101667.666666668,dSpoIIE,SPO1,SNO-L2
SNO,L3,5,no-seed-bank,318335411.36828184,1,2630000,2630001,dSpoIIE,SPO1,SNO-L3
WLO,L1,5,with-seed-bank,1669017148.1997523,36491666.66666667,43370000,79861666.66666667,WT,SPO1,WLO-L1
WLO,L2,5,with-seed-bank,651138075.3236251,56808333.333333336,7206666.666666667,64015000,WT,SPO1,WLO-L2
WLO,L3,5,with-seed-bank,1186607771.5936303,42850000,4570000,47420000,WT,SPO1,WLO-L3
SNCt,L1,5,no-seed-bank,NA,1,237434464.1700968,237434465.1700968,dSpoIIE,no_Phage,SNCt-L1
SNCt,L2,5,no-seed-bank,NA,1,213442764.85511032,213442765.85511032,dSpoIIE,no_Phage,SNCt-L2
SNCt,L3,5,no-seed-bank,NA,1,403357667.5979992,403357668.5979992,dSpoIIE,no_Phage,SNCt-L3
WLCt,L1,5,with-seed-bank,NA,247096694.5039292,174054802.97552812,421151497.4794573,WT,no_Phage,WLCt-L1
WLCt,L2,5,with-seed-bank,NA,222829060.56054223,95316004.7846044,318145065.34514666,WT,no_Phage,WLCt-L2
WLCt,L3,5,with-seed-bank,NA,193619263.57654637,92243079.41335651,285862342.98990285,WT,no_Phage,WLCt-L3
SNO,L1,5.5,no-seed-bank,320382326.28846097,1,483333.3333333334,483334.3333333334,dSpoIIE,SPO1,SNO-L1
SNO,L2,5.5,no-seed-bank,2915267935.919096,1,2658333.8333333335,2658334.8333333335,dSpoIIE,SPO1,SNO-L2
SNO,L3,5.5,no-seed-bank,337848398.1023084,1,911666.6666666667,911667.6666666667,dSpoIIE,SPO1,SNO-L3
WLO,L1,5.5,with-seed-bank,1086235547.7397952,21500000,24575000,46075000,WT,SPO1,WLO-L1
WLO,L2,5.5,with-seed-bank,467628387.7453232,40625000,7280000,47905000,WT,SPO1,WLO-L2
WLO,L3,5.5,with-seed-bank,693768896.3350338,2366666.666666667,6010000,8376666.666666667,WT,SPO1,WLO-L3
SNCt,L1,5.5,no-seed-bank,NA,1,510914406.5670624,510914407.5670624,dSpoIIE,no_Phage,SNCt-L1
SNCt,L2,5.5,no-seed-bank,NA,1,454041578.1916603,454041579.1916603,dSpoIIE,no_Phage,SNCt-L2
SNCt,L3,5.5,no-seed-bank,NA,1,799195757.2877116,799195758.2877116,dSpoIIE,no_Phage,SNCt-L3
WLCt,L1,5.5,with-seed-bank,NA,109585436.10448211,399194066.8903793,508779502.9948614,WT,no_Phage,WLCt-L1
WLCt,L2,5.5,with-seed-bank,NA,162336030.89179343,355893036.55718493,518229067.44897836,WT,no_Phage,WLCt-L2
WLCt,L3,5.5,with-seed-bank,NA,169900910.9492448,345441392.12142247,515342303.07066727,WT,no_Phage,WLCt-L3
SNO,L1,6,no-seed-bank,379344605.515957,1,711666.6666666667,711667.6666666667,dSpoIIE,SPO1,SNO-L1
SNO,L2,6,no-seed-bank,1574527684.9048796,1,9603333.333333334,9603334.333333334,dSpoIIE,SPO1,SNO-L2
SNO,L3,6,no-seed-bank,307815572.2969752,1,2486666.666666667,2486667.666666667,dSpoIIE,SPO1,SNO-L3
WLO,L1,6,with-seed-bank,1123365760.42168,104860000,3891666.666666667,108751666.66666667,WT,SPO1,WLO-L1
WLO,L2,6,with-seed-bank,886094334.2339213,72476666.66666667,16305000,88781666.66666667,WT,SPO1,WLO-L2
WLO,L3,6,with-seed-bank,609325739.4068317,15420000,4395000,19815000,WT,SPO1,WLO-L3
SNCt,L1,6,no-seed-bank,NA,1,322450275.7801301,322450276.7801301,dSpoIIE,no_Phage,SNCt-L1
SNCt,L2,6,no-seed-bank,NA,1,163375097.93443805,163375098.93443805,dSpoIIE,no_Phage,SNCt-L2
SNCt,L3,6,no-seed-bank,NA,1,304221709.9949899,304221710.9949899,dSpoIIE,no_Phage,SNCt-L3
WLCt,L1,6,with-seed-bank,NA,137655770.34792024,167088472.12386203,304744242.47178227,WT,no_Phage,WLCt-L1
WLCt,L2,6,with-seed-bank,NA,193211502.1342208,115784603.06269994,308996105.19692075,WT,no_Phage,WLCt-L2
WLCt,L3,6,with-seed-bank,NA,200802664.23864186,135712773.83545247,336515438.0740943,WT,no_Phage,WLCt-L3
SNO,L1,6.5,no-seed-bank,242857650.57118714,1,2430000,2430001,dSpoIIE,SPO1,SNO-L1
SNO,L2,6.5,no-seed-bank,2656716936.8483458,1,43810000,43810001,dSpoIIE,SPO1,SNO-L2
SNO,L3,6.5,no-seed-bank,487589638.8653587,1,3425000,3425001,dSpoIIE,SPO1,SNO-L3
WLO,L1,6.5,with-seed-bank,653560420.732542,25758333.333333336,28860000,54618333.333333336,WT,SPO1,WLO-L1
WLO,L2,6.5,with-seed-bank,667048504.1839967,10168333.333333334,17401666.666666668,27570000,WT,SPO1,WLO-L2
WLO,L3,6.5,with-seed-bank,306285022.6063908,665000,12265000,12930000,WT,SPO1,WLO-L3
SNCt,L1,6.5,no-seed-bank,NA,1,655824424.2124515,655824425.2124515,dSpoIIE,no_Phage,SNCt-L1
SNCt,L2,6.5,no-seed-bank,NA,1,390718727.5521625,390718728.5521625,dSpoIIE,no_Phage,SNCt-L2
SNCt,L3,6.5,no-seed-bank,NA,1,383906378.9726338,383906379.9726338,dSpoIIE,no_Phage,SNCt-L3
WLCt,L1,6.5,with-seed-bank,NA,133301609.18968454,569870462.3008687,703172071.4905533,WT,no_Phage,WLCt-L1
WLCt,L2,6.5,with-seed-bank,NA,125884949.94183382,390789601.47354317,516674551.415377,WT,no_Phage,WLCt-L2
WLCt,L3,6.5,with-seed-bank,NA,111676393.702357,278541087.46883273,390217481.1711897,WT,no_Phage,WLCt-L3
SNO,L1,7,no-seed-bank,1642015950.6048384,1,1733333.3333333335,1733334.3333333335,dSpoIIE,SPO1,SNO-L1
SNO,L2,7,no-seed-bank,2011599333.3199282,1,64173333.333333336,64173334.333333336,dSpoIIE,SPO1,SNO-L2
SNO,L3,7,no-seed-bank,1083189066.264232,1,4946666.666666667,4946667.666666667,dSpoIIE,SPO1,SNO-L3
WLO,L1,7,with-seed-bank,2182519474.22418,81905000,8616666.666666668,90521666.66666667,WT,SPO1,WLO-L1
WLO,L2,7,with-seed-bank,1905044759.552433,48415000,12083333.333333334,60498333.333333336,WT,SPO1,WLO-L2
WLO,L3,7,with-seed-bank,4408632765.517615,6023333.333333334,4748333.333333334,10771666.666666668,WT,SPO1,WLO-L3
SNCt,L1,7,no-seed-bank,NA,1,367654496.6150137,367654497.6150137,dSpoIIE,no_Phage,SNCt-L1
SNCt,L2,7,no-seed-bank,NA,1,240876694.03624994,240876695.03624994,dSpoIIE,no_Phage,SNCt-L2
SNCt,L3,7,no-seed-bank,NA,1,246910204.44481084,246910205.44481084,dSpoIIE,no_Phage,SNCt-L3
WLCt,L1,7,with-seed-bank,NA,204120781.6100394,323547454.20766115,527668235.81770056,WT,no_Phage,WLCt-L1
WLCt,L2,7,with-seed-bank,NA,155779014.22500306,246734143.66765335,402513157.89265645,WT,no_Phage,WLCt-L2
WLCt,L3,7,with-seed-bank,NA,138588003.76804107,154109764.8558992,292697768.6239403,WT,no_Phage,WLCt-L3
SNO,L1,7.5,no-seed-bank,1237743314.509041,1,2165000,2165001,dSpoIIE,SPO1,SNO-L1
SNO,L2,7.5,no-seed-bank,3624346812.4992776,1,62255000,62255001,dSpoIIE,SPO1,SNO-L2
SNO,L3,7.5,no-seed-bank,506915280.10715747,1,30578333.333333336,30578334.333333336,dSpoIIE,SPO1,SNO-L3
WLO,L1,7.5,with-seed-bank,401224063.72469497,26565000,17266666.666666668,43831666.66666667,WT,SPO1,WLO-L1
WLO,L2,7.5,with-seed-bank,500271319.7284703,12688333.333333334,47273333.333333336,59961666.66666667,WT,SPO1,WLO-L2
WLO,L3,7.5,with-seed-bank,172983858.1668759,945000.5,5073333.333333333,6018333.833333333,WT,SPO1,WLO-L3
SNCt,L1,7.5,no-seed-bank,NA,1,467318120.13576424,467318121.13576424,dSpoIIE,no_Phage,SNCt-L1
SNCt,L2,7.5,no-seed-bank,NA,1,637323463.9810799,637323464.9810799,dSpoIIE,no_Phage,SNCt-L2
SNCt,L3,7.5,no-seed-bank,NA,1,741573779.2342787,741573780.2342787,dSpoIIE,no_Phage,SNCt-L3
WLCt,L1,7.5,with-seed-bank,NA,159846734.16577166,680530380.8089285,840377114.9747002,WT,no_Phage,WLCt-L1
WLCt,L2,7.5,with-seed-bank,NA,166235172.8293116,548804722.7213695,715039895.5506811,WT,no_Phage,WLCt-L2
WLCt,L3,7.5,with-seed-bank,NA,140500664.52001852,257640465.32065117,398141129.8406697,WT,no_Phage,WLCt-L3
SNO,L1,8,no-seed-bank,524707428.6091163,1,2404986.064800478,2404987.064800478,dSpoIIE,SPO1,SNO-L1
SNO,L2,8,no-seed-bank,627054951.6304841,1,98651125.05921364,98651126.05921364,dSpoIIE,SPO1,SNO-L2
SNO,L3,8,no-seed-bank,459989348.952777,1,25136609.122971557,25136610.122971557,dSpoIIE,SPO1,SNO-L3
WLO,L1,8,with-seed-bank,709311971.3625236,76048126.67962864,2440419.804567741,78488546.48419638,WT,SPO1,WLO-L1
WLO,L2,8,with-seed-bank,916162025.9790471,50577802.43229696,13293852.719699614,63871655.151996575,WT,SPO1,WLO-L2
WLO,L3,8,with-seed-bank,356780045.7450254,59453245.648901716,1434140.3834193815,60887386.032321095,WT,SPO1,WLO-L3
SNCt,L1,8,no-seed-bank,NA,1,387334284.76932323,387334285.76932323,dSpoIIE,no_Phage,SNCt-L1
SNCt,L2,8,no-seed-bank,NA,1,392683191.18249655,392683192.18249655,dSpoIIE,no_Phage,SNCt-L2
SNCt,L3,8,no-seed-bank,NA,1,610127332.4684012,610127333.4684012,dSpoIIE,no_Phage,SNCt-L3
WLCt,L1,8,with-seed-bank,NA,197821286.03826523,322993190.3654909,520814476.40375614,WT,no_Phage,WLCt-L1
WLCt,L2,8,with-seed-bank,NA,192281271.2671324,243785481.8132467,436066753.0803791,WT,no_Phage,WLCt-L2
WLCt,L3,8,with-seed-bank,NA,181841384.77582502,243649192.943686,425490577.71951103,WT,no_Phage,WLCt-L3
SNO,L1,8.5,no-seed-bank,566157718.2533267,1,14349619.351727683,14349620.351727683,dSpoIIE,SPO1,SNO-L1
SNO,L2,8.5,no-seed-bank,1274028623.2779994,1,63203301.82243681,63203302.82243681,dSpoIIE,SPO1,SNO-L2
SNO,L3,8.5,no-seed-bank,323210681.3434969,1,13232552.39992828,13232553.39992828,dSpoIIE,SPO1,SNO-L3
WLO,L1,8.5,with-seed-bank,420693914.37020135,44204931.67728924,8649241.988313954,52854173.66560319,WT,SPO1,WLO-L1
WLO,L2,8.5,with-seed-bank,342915721.83560514,65424841.50367373,10646324.176442146,76071165.68011588,WT,SPO1,WLO-L2
WLO,L3,8.5,with-seed-bank,610729713.1892915,23886767.547673684,7018106.430615803,30904873.978289485,WT,SPO1,WLO-L3
SNCt,L1,8.5,no-seed-bank,NA,1,556716319.0619427,556716320.0619427,dSpoIIE,no_Phage,SNCt-L1
SNCt,L2,8.5,no-seed-bank,NA,1,324097817.65917015,324097818.65917015,dSpoIIE,no_Phage,SNCt-L2
SNCt,L3,8.5,no-seed-bank,NA,1,839362070.8267286,839362071.8267286,dSpoIIE,no_Phage,SNCt-L3
WLCt,L1,8.5,with-seed-bank,NA,180522185.0578667,471299814.86568606,651821999.9235528,WT,no_Phage,WLCt-L1
WLCt,L2,8.5,with-seed-bank,NA,202286984.1281441,399728311.3333665,602015295.4615107,WT,no_Phage,WLCt-L2
WLCt,L3,8.5,with-seed-bank,NA,113840468.26022439,411177323.19470376,525017791.45492816,WT,no_Phage,WLCt-L3
SNO,L1,9,no-seed-bank,439800593.7830116,1,13233374.530339256,13233375.530339256,dSpoIIE,SPO1,SNO-L1
SNO,L2,9,no-seed-bank,1690447207.7332354,1,66308152.22026509,66308153.22026509,dSpoIIE,SPO1,SNO-L2
SNO,L3,9,no-seed-bank,569925817.4721577,1,13637802.61226124,13637803.61226124,dSpoIIE,SPO1,SNO-L3
WLO,L1,9,with-seed-bank,730538281.8594419,81579943.07853027,670525.5605726333,82250468.6391029,WT,SPO1,WLO-L1
WLO,L2,9,with-seed-bank,714950604.4271407,102481674.9297333,2403766.4984313427,104885441.42816465,WT,SPO1,WLO-L2
WLO,L3,9,with-seed-bank,1836197022.9221098,51457487.29441569,1569156.3386074435,53026643.633023135,WT,SPO1,WLO-L3
SNCt,L1,9,no-seed-bank,NA,1,275279161.4465232,275279162.4465232,dSpoIIE,no_Phage,SNCt-L1
SNCt,L2,9,no-seed-bank,NA,1,253373381.8515371,253373382.8515371,dSpoIIE,no_Phage,SNCt-L2
SNCt,L3,9,no-seed-bank,NA,1,697753199.0098383,697753200.0098383,dSpoIIE,no_Phage,SNCt-L3
WLCt,L1,9,with-seed-bank,NA,201282292.59069932,268194086.31654918,469476378.9072485,WT,no_Phage,WLCt-L1
WLCt,L2,9,with-seed-bank,NA,271927285.8072537,306342329.0607822,578269614.8680359,WT,no_Phage,WLCt-L2
WLCt,L3,9,with-seed-bank,NA,135860075.58090657,185597626.64341968,321457702.22432625,WT,no_Phage,WLCt-L3
SNO,L1,9.5,no-seed-bank,341870452.6586402,1,44256179.29257125,44256180.29257125,dSpoIIE,SPO1,SNO-L1
SNO,L2,9.5,no-seed-bank,620238489.190389,1,83130280.74494052,83130281.74494052,dSpoIIE,SPO1,SNO-L2
SNO,L3,9.5,no-seed-bank,93224905.710006,1,18371366.638280638,18371367.638280638,dSpoIIE,SPO1,SNO-L3
WLO,L1,9.5,with-seed-bank,265146571.62743914,31140792.946786903,20867564.50890156,52008357.45568846,WT,SPO1,WLO-L1
WLO,L2,9.5,with-seed-bank,558126322.8028226,25651896.743070107,24819276.997937616,50471173.74100772,WT,SPO1,WLO-L2
WLO,L3,9.5,with-seed-bank,122514695.25932066,42726813.630687684,5044999.501839573,47771813.132527255,WT,SPO1,WLO-L3
SNCt,L1,9.5,no-seed-bank,NA,1,968670411.3343083,968670412.3343083,dSpoIIE,no_Phage,SNCt-L1
SNCt,L2,9.5,no-seed-bank,NA,1,585602780.7758497,585602781.7758497,dSpoIIE,no_Phage,SNCt-L2
SNCt,L3,9.5,no-seed-bank,NA,1,589561214.7689407,589561215.7689407,dSpoIIE,no_Phage,SNCt-L3
WLCt,L1,9.5,with-seed-bank,NA,149385126.53702056,529263923.8742261,678649050.4112467,WT,no_Phage,WLCt-L1
WLCt,L2,9.5,with-seed-bank,NA,353418182.9350027,367694997.9020649,721113180.8370676,WT,no_Phage,WLCt-L2
WLCt,L3,9.5,with-seed-bank,NA,321217066.57050854,325496985.92425096,646714052.4947596,WT,no_Phage,WLCt-L3
SNO,L1,10,no-seed-bank,307479717.10435176,1,35987241.58292585,35987242.58292585,dSpoIIE,SPO1,SNO-L1
SNO,L2,10,no-seed-bank,1225435927.2222397,1,89658358.79288323,89658359.79288323,dSpoIIE,SPO1,SNO-L2
SNO,L3,10,no-seed-bank,209259342.10949823,1,16942004.530695356,16942005.530695356,dSpoIIE,SPO1,SNO-L3
WLO,L1,10,with-seed-bank,182180087.81523073,39429720.30198063,7563234.37037451,46992954.67235514,WT,SPO1,WLO-L1
WLO,L2,10,with-seed-bank,508004467.7710663,41300205.84899822,7301650.507910658,48601856.35690887,WT,SPO1,WLO-L2
WLO,L3,10,with-seed-bank,373897963.0053097,90320088.18941492,3368911.9271126627,93689000.11652759,WT,SPO1,WLO-L3
SNCt,L1,10,no-seed-bank,NA,1,259724574.34659606,259724575.34659606,dSpoIIE,no_Phage,SNCt-L1
SNCt,L2,10,no-seed-bank,NA,1,385716097.66808325,385716098.66808325,dSpoIIE,no_Phage,SNCt-L2
SNCt,L3,10,no-seed-bank,NA,1,363001083.4112297,363001084.4112297,dSpoIIE,no_Phage,SNCt-L3
WLCt,L1,10,with-seed-bank,NA,186426072.18127686,263395430.4277065,449821502.6089834,WT,no_Phage,WLCt-L1
WLCt,L2,10,with-seed-bank,NA,605431124.9933102,37678647.36132802,643109772.3546382,WT,no_Phage,WLCt-L2
WLCt,L3,10,with-seed-bank,NA,354299653.0134257,203097174.5496809,557396827.5631065,WT,no_Phage,WLCt-L3
SNO,L1,10.5,no-seed-bank,225139592.30866933,1,45986442.903349176,45986443.903349176,dSpoIIE,SPO1,SNO-L1
SNO,L2,10.5,no-seed-bank,2653153153.654026,1,95326121.45922449,95326122.45922449,dSpoIIE,SPO1,SNO-L2
SNO,L3,10.5,no-seed-bank,592851819.3087466,1,22270797.1007112,22270798.1007112,dSpoIIE,SPO1,SNO-L3
WLO,L1,10.5,with-seed-bank,360654687.60216045,16052306.412415817,18200075.95098339,34252382.36339921,WT,SPO1,WLO-L1
WLO,L2,10.5,with-seed-bank,485810423.24938786,7351722.792329672,41852743.503247574,49204466.29557724,WT,SPO1,WLO-L2
WLO,L3,10.5,with-seed-bank,364062050.64492035,9511081.823711608,28794319.137878396,38305400.96159001,WT,SPO1,WLO-L3
SNCt,L1,10.5,no-seed-bank,NA,1,659344320.1200182,659344321.1200182,dSpoIIE,no_Phage,SNCt-L1
SNCt,L2,10.5,no-seed-bank,NA,1,664280981.2671576,664280982.2671576,dSpoIIE,no_Phage,SNCt-L2
SNCt,L3,10.5,no-seed-bank,NA,1,876598950.774646,876598951.774646,dSpoIIE,no_Phage,SNCt-L3
WLCt,L1,10.5,with-seed-bank,NA,210999238.86633086,525443471.4276967,736442710.2940276,WT,no_Phage,WLCt-L1
WLCt,L2,10.5,with-seed-bank,NA,206280513.1832123,310966934.0403515,517247447.2235638,WT,no_Phage,WLCt-L2
WLCt,L3,10.5,with-seed-bank,NA,431415156.91065097,211293634.67767227,642708791.5883232,WT,no_Phage,WLCt-L3
SNO,L1,11,no-seed-bank,447527633.77401257,1,16655047.660993487,16655048.660993487,dSpoIIE,SPO1,SNO-L1
SNO,L2,11,no-seed-bank,804484044.7474046,1,121694291.81176361,121694292.81176361,dSpoIIE,SPO1,SNO-L2
SNO,L3,11,no-seed-bank,329858225.32673943,1,13836585.816290658,13836586.816290658,dSpoIIE,SPO1,SNO-L3
WLO,L1,11,with-seed-bank,705337561.1389215,57801706.695321575,4333529.737654732,62135236.432976305,WT,SPO1,WLO-L1
WLO,L2,11,with-seed-bank,1137342721.945085,53823030.61699372,9918465.880836971,63741496.49783069,WT,SPO1,WLO-L2
WLO,L3,11,with-seed-bank,810051497.0829245,83317697.90273964,2283757.344348075,85601455.24708772,WT,SPO1,WLO-L3
SNCt,L1,11,no-seed-bank,NA,1,369512489.41486084,369512490.41486084,dSpoIIE,no_Phage,SNCt-L1
SNCt,L2,11,no-seed-bank,NA,1,408974721.9721626,408974722.9721626,dSpoIIE,no_Phage,SNCt-L2
SNCt,L3,11,no-seed-bank,NA,1,451984654.0929445,451984655.0929445,dSpoIIE,no_Phage,SNCt-L3
WLCt,L1,11,with-seed-bank,NA,232593704.87234598,320019890.5796138,552613595.4519598,WT,no_Phage,WLCt-L1
WLCt,L2,11,with-seed-bank,NA,297486527.070468,120394198.41990991,417880725.4903779,WT,no_Phage,WLCt-L2
WLCt,L3,11,with-seed-bank,NA,484158862.152273,216611198.36466599,700770060.5169389,WT,no_Phage,WLCt-L3
SNO,L1,11.5,no-seed-bank,233786352.22810614,1,33296965.937186852,33296966.937186852,dSpoIIE,SPO1,SNO-L1
SNO,L2,11.5,no-seed-bank,494738190.4544352,1,112543372.98793352,112543373.98793352,dSpoIIE,SPO1,SNO-L2
SNO,L3,11.5,no-seed-bank,283679428.9026244,1,27714502.41237977,27714503.41237977,dSpoIIE,SPO1,SNO-L3
WLO,L1,11.5,with-seed-bank,300971694.09625506,10807201.492274165,34521585.93925521,45328787.43152937,WT,SPO1,WLO-L1
WLO,L2,11.5,with-seed-bank,391182305.0936655,16949780.253606785,31541111.745227784,48490891.998834565,WT,SPO1,WLO-L2
WLO,L3,11.5,with-seed-bank,408651768.8774617,28139083.367576223,39418860.30261302,67557943.67018925,WT,SPO1,WLO-L3
SNCt,L1,11.5,no-seed-bank,NA,1,620296768.1850731,620296769.1850731,dSpoIIE,no_Phage,SNCt-L1
SNCt,L2,11.5,no-seed-bank,NA,1,571588882.2829964,571588883.2829964,dSpoIIE,no_Phage,SNCt-L2
SNCt,L3,11.5,no-seed-bank,NA,1,807808190.7340329,807808191.7340329,dSpoIIE,no_Phage,SNCt-L3
WLCt,L1,11.5,with-seed-bank,NA,501260451.1103714,431744949.84044135,933005400.9508128,WT,no_Phage,WLCt-L1
WLCt,L2,11.5,with-seed-bank,NA,257070840.9520166,348994791.93338335,606065632.8853999,WT,no_Phage,WLCt-L2
WLCt,L3,11.5,with-seed-bank,NA,407847059.7737874,277582541.6594024,685429601.4331897,WT,no_Phage,WLCt-L3
SNO,L1,12,no-seed-bank,260404976.42846483,1,31540310.05124306,31540311.05124306,dSpoIIE,SPO1,SNO-L1
SNO,L2,12,no-seed-bank,1080338598.663137,1,86834720.19843268,86834721.19843268,dSpoIIE,SPO1,SNO-L2
SNO,L3,12,no-seed-bank,474931454.8021109,1,25218842.731346242,25218843.731346242,dSpoIIE,SPO1,SNO-L3
WLO,L1,12,with-seed-bank,482403128.2503039,20616804.639934663,26492519.077776,47109323.71771066,WT,SPO1,WLO-L1
WLO,L2,12,with-seed-bank,784477296.9716538,104200036.4079372,23711246.10198127,127911282.50991847,WT,SPO1,WLO-L2
WLO,L3,12,with-seed-bank,899881264.9243374,89312829.25101227,4258520.0543942675,93571349.30540654,WT,SPO1,WLO-L3
SNCt,L1,12,no-seed-bank,NA,1,397038280.3711663,397038281.3711663,dSpoIIE,no_Phage,SNCt-L1
SNCt,L2,12,no-seed-bank,NA,1,459788858.9398023,459788859.9398023,dSpoIIE,no_Phage,SNCt-L2
SNCt,L3,12,no-seed-bank,NA,1,464806016.6339226,464806017.6339226,dSpoIIE,no_Phage,SNCt-L3
WLCt,L1,12,with-seed-bank,NA,521286361.8101525,278205664.2403884,799492026.0505409,WT,no_Phage,WLCt-L1
WLCt,L2,12,with-seed-bank,NA,285198084.11775184,172602740.99230576,457800825.1100576,WT,no_Phage,WLCt-L2
WLCt,L3,12,with-seed-bank,NA,478487452.9011744,300593481.8863282,779080934.7875026,WT,no_Phage,WLCt-L3
SNO,L1,12.5,no-seed-bank,317408532.16495717,1,17524745.17201665,17524746.17201665,dSpoIIE,SPO1,SNO-L1
SNO,L2,12.5,no-seed-bank,268989235.1498257,1,109642419.72936676,109642420.72936676,dSpoIIE,SPO1,SNO-L2
SNO,L3,12.5,no-seed-bank,320511093.33709526,1,17391635.89465936,17391636.89465936,dSpoIIE,SPO1,SNO-L3
WLO,L1,12.5,with-seed-bank,173277190.90443364,6128320.73024024,16635065.216809433,22763385.947049674,WT,SPO1,WLO-L1
WLO,L2,12.5,with-seed-bank,524783604.7403563,44439624.64751862,35115652.928695425,79555277.57621405,WT,SPO1,WLO-L2
WLO,L3,12.5,with-seed-bank,415314649.4004327,42041229.26416936,29323370.19012636,71364599.45429572,WT,SPO1,WLO-L3
SNCt,L1,12.5,no-seed-bank,NA,1,574370563.149694,574370564.149694,dSpoIIE,no_Phage,SNCt-L1
SNCt,L2,12.5,no-seed-bank,NA,1,1069453424.3976476,1069453425.3976476,dSpoIIE,no_Phage,SNCt-L2
SNCt,L3,12.5,no-seed-bank,NA,1,651981339.1053264,651981340.1053264,dSpoIIE,no_Phage,SNCt-L3
WLCt,L1,12.5,with-seed-bank,NA,571942876.5961316,254393399.52464938,826336276.120781,WT,no_Phage,WLCt-L1
WLCt,L2,12.5,with-seed-bank,NA,329281683.51332617,462107738.11539626,791389421.6287224,WT,no_Phage,WLCt-L2
WLCt,L3,12.5,with-seed-bank,NA,592674619.8014143,301472236.5782583,894146856.3796725,WT,no_Phage,WLCt-L3
SNO,L1,13,no-seed-bank,144405637.64621043,1,12474073.335188758,12474074.335188758,dSpoIIE,SPO1,SNO-L1
SNO,L2,13,no-seed-bank,163971648.49418533,1,124617118.32442021,124617119.32442021,dSpoIIE,SPO1,SNO-L2
SNO,L3,13,no-seed-bank,411612816.80318815,1,14595748.876233041,14595749.876233041,dSpoIIE,SPO1,SNO-L3
WLO,L1,13,with-seed-bank,1276612538.8527257,16993925.465417698,16279983.487094805,33273908.952512503,WT,SPO1,WLO-L1
WLO,L2,13,with-seed-bank,911346740.4676988,68561694.91240008,22836487.871059828,91398182.7834599,WT,SPO1,WLO-L2
WLO,L3,13,with-seed-bank,1873931431.6297438,122205662.47264725,3684313.6612049425,125889976.1338522,WT,SPO1,WLO-L3
SNCt,L1,13,no-seed-bank,NA,1,409883565.16656923,409883566.16656923,dSpoIIE,no_Phage,SNCt-L1
SNCt,L2,13,no-seed-bank,NA,1,560412399.6953292,560412400.6953292,dSpoIIE,no_Phage,SNCt-L2
SNCt,L3,13,no-seed-bank,NA,1,435649356.8097199,435649357.8097199,dSpoIIE,no_Phage,SNCt-L3
WLCt,L1,13,with-seed-bank,NA,697249736.0569713,155678047.78545633,852927783.8424276,WT,no_Phage,WLCt-L1
WLCt,L2,13,with-seed-bank,NA,619620152.7214335,79243024.95843348,698863177.679867,WT,no_Phage,WLCt-L2
WLCt,L3,13,with-seed-bank,NA,849200186.4559793,115637028.42666951,964837214.8826488,WT,no_Phage,WLCt-L3
SNO,L1,13.5,no-seed-bank,99756707.38960803,1,16900749.536422126,16900750.536422126,dSpoIIE,SPO1,SNO-L1
SNO,L2,13.5,no-seed-bank,176406189.11247543,1,71740934.77491194,71740935.77491194,dSpoIIE,SPO1,SNO-L2
SNO,L3,13.5,no-seed-bank,207670958.43887445,1,16727553.656952824,16727554.656952824,dSpoIIE,SPO1,SNO-L3
WLO,L1,13.5,with-seed-bank,328887944.4180012,33879108.61748071,20928397.34554851,54807505.96302922,WT,SPO1,WLO-L1
WLO,L2,13.5,with-seed-bank,363377934.4144127,68605759.11761722,28493346.532515302,97099105.65013252,WT,SPO1,WLO-L2
WLO,L3,13.5,with-seed-bank,495433437.8347189,23922089.12376609,15116391.677480899,39038480.801246986,WT,SPO1,WLO-L3
SNCt,L1,13.5,no-seed-bank,NA,1,1193511108.311882,1193511109.311882,dSpoIIE,no_Phage,SNCt-L1
SNCt,L2,13.5,no-seed-bank,NA,1,543026951.133624,543026952.133624,dSpoIIE,no_Phage,SNCt-L2
SNCt,L3,13.5,no-seed-bank,NA,1,625515018.5513711,625515019.5513711,dSpoIIE,no_Phage,SNCt-L3
WLCt,L1,13.5,with-seed-bank,NA,418419095.4354996,162784492.2877285,581203587.7232281,WT,no_Phage,WLCt-L1
WLCt,L2,13.5,with-seed-bank,NA,187385266.7129712,293293296.5061608,480678563.219132,WT,no_Phage,WLCt-L2
WLCt,L3,13.5,with-seed-bank,NA,458675754.07668924,139471463.11506408,598147217.1917534,WT,no_Phage,WLCt-L3
SNO,L1,14,no-seed-bank,148943357.1110062,1,10852743.42452309,10852744.42452309,dSpoIIE,SPO1,SNO-L1
SNO,L2,14,no-seed-bank,171829187.87929812,1,81332091.28516711,81332092.28516711,dSpoIIE,SPO1,SNO-L2
SNO,L3,14,no-seed-bank,467598529.51771474,1,13020074.76519587,13020075.76519587,dSpoIIE,SPO1,SNO-L3
WLO,L1,14,with-seed-bank,1374562389.1609278,72329516.5988442,3250884.4456097377,75580401.04445393,WT,SPO1,WLO-L1
WLO,L2,14,with-seed-bank,925962827.014249,81966268.33612308,15093103.666262634,97059372.0023857,WT,SPO1,WLO-L2
WLO,L3,14,with-seed-bank,2388605590.4252243,99535147.00531808,1094839.5922678902,100629986.59758596,WT,SPO1,WLO-L3
SNCt,L1,14,no-seed-bank,NA,1,736642455.8995221,736642456.8995221,dSpoIIE,no_Phage,SNCt-L1
SNCt,L2,14,no-seed-bank,NA,1,372875810.2626391,372875811.2626391,dSpoIIE,no_Phage,SNCt-L2
SNCt,L3,14,no-seed-bank,NA,1,416419722.06666577,416419723.06666577,dSpoIIE,no_Phage,SNCt-L3
WLCt,L1,14,with-seed-bank,NA,482556284.78057754,318133372.8996974,800689657.680275,WT,no_Phage,WLCt-L1
WLCt,L2,14,with-seed-bank,NA,234076887.42044985,203279817.79274097,437356705.2131908,WT,no_Phage,WLCt-L2
WLCt,L3,14,with-seed-bank,NA,488824995.1286048,220318704.9395947,709143700.0681995,WT,no_Phage,WLCt-L3
