culture,host,phage,seed.bank,line,flask,transfer,colony,rep,Tsample,spore.ml,veg.ml,cell.ml,perc.spore,growth.rate,Max.OD,lag.time.minutes
WLO,WT,SPO1,long,L2,WLO-L2,D14,C1,r1,T24H,0,382798.9063,382798.9063,2.61E-04,0.02582,0.65267,7.4
WLO,WT,SPO1,long,L2,WLO-L2,D14,C1,r2,T24H,0,1210782.148,1210782.148,8.26E-05,0.02408,0.90533,9.2
WLO,WT,SPO1,long,L2,WLO-L2,D14,C1,r3,T24H,0,1455043.86,1455043.86,6.87E-05,0.03089,0.97633,8
WLO,WT,SPO1,long,L2,WLO-L2,D14,C10,r3,T24H,678802.4548,2196467.076,2875269.531,23.60833346,0.05326,1.63333,76
WLO,WT,SPO1,long,L2,WLO-L2,D14,C10,r2,T24H,2173752.991,50890852.2,53064605.19,4.09642914,0.04852,1.49833,69.5
WLO,WT,SPO1,long,L2,WLO-L2,D14,C11,r3,T24H,0,32382.74313,32382.74313,0.003087969,0.02838,0.876,12.5
WLO,WT,SPO1,long,L2,WLO-L2,D14,C11,r1,T24H,0,78343.59261,78343.59261,0.001276412,0.02839,1.08367,2.9
WLO,WT,SPO1,long,L2,WLO-L2,D14,C11,r2,T24H,0,81107.81405,81107.81405,0.001232912,0.02554,0.844,13
WLO,WT,SPO1,long,L2,WLO-L2,D14,C12,r3,T24H,25491318.97,4716843.923,30208162.89,84.38553253,0.03024,0.488,12.3
WLO,WT,SPO1,long,L2,WLO-L2,D14,C12,r1,T24H,40154576.06,11183042.55,51337618.61,78.21667107,0.02333,0.47067,6.9
WLO,WT,SPO1,long,L2,WLO-L2,D14,C12,r2,T24H,40270768.36,11942160.48,52212928.83,77.1279633,0.02594,0.53767,15.1
WLO,WT,SPO1,long,L2,WLO-L2,D14,C13,r3,T24H,2126277.323,26533125.8,28659403.13,7.419129559,0.02933,0.59933,8.9
WLO,WT,SPO1,long,L2,WLO-L2,D14,C13,r1,T24H,4952665.67,49012207.27,53964872.94,9.177574797,0.0408,0.836,11.5
WLO,WT,SPO1,long,L2,WLO-L2,D14,C13,r2,T24H,3058576.858,52987812.87,56046389.73,5.457225377,0.03021,0.68767,11.7
WLO,WT,SPO1,long,L2,WLO-L2,D14,C14,r3,T24H,32251027.87,11642302.42,43893330.29,73.47591974,0.03014,0.55267,11.8
WLO,WT,SPO1,long,L2,WLO-L2,D14,C14,r1,T24H,68166015.63,16242187.5,84408203.13,80.75757248,0.02664,0.53667,6.6
WLO,WT,SPO1,long,L2,WLO-L2,D14,C14,r2,T24H,53079703.6,20659678.29,73739381.89,71.98284352,0.02754,0.542,10
WLO,WT,SPO1,long,L2,WLO-L2,D14,C15,r3,T24H,1348938.336,14570014.34,15918952.68,8.473793963,0.03527,1.17133,86.1
WLO,WT,SPO1,long,L2,WLO-L2,D14,C15,r1,T24H,1513199.578,6273495.248,7786694.826,19.43315382,0.02882,1.12633,24
WLO,WT,SPO1,long,L2,WLO-L2,D14,C15,r2,T24H,3427849.845,41759843.88,45187693.72,7.585805973,0.03927,0.908,90.3
WLO,WT,SPO1,long,L2,WLO-L2,D14,C2,r2,T24H,953495.4717,20528136.77,21481632.24,4.438659115,0.02602,0.541,11.1
WLO,WT,SPO1,long,L2,WLO-L2,D14,C2,r3,T24H,3207729.469,87780998.39,90988727.86,3.52541519,0.02745,0.467,12.8
WLO,WT,SPO1,long,L2,WLO-L2,D14,C3,r1,T24H,25959166.31,34770310.51,60729476.82,42.74557965,0.0322,1.05833,13
WLO,WT,SPO1,long,L2,WLO-L2,D14,C3,r3,T24H,6799492.386,47781725.89,54581218.27,12.45756961,0.03175,0.72533,8.7
WLO,WT,SPO1,long,L2,WLO-L2,D14,C4,r1,T24H,22899984.78,28389404.78,51289389.56,44.64858234,0.02208,0.579,3.2
WLO,WT,SPO1,long,L2,WLO-L2,D14,C4,r2,T24H,1480043.485,30382046.9,31862090.39,4.645157994,0.02383,0.274,15.9
WLO,WT,SPO1,long,L2,WLO-L2,D14,C4,r3,T24H,1165906.499,26366875.71,27532782.21,4.234615478,0.03058,0.38467,33.7
WLO,WT,SPO1,long,L2,WLO-L2,D14,C5,r1,T24H,32183033.66,65615491.01,97798524.67,32.90748448,0.03559,0.79967,3.7
WLO,WT,SPO1,long,L2,WLO-L2,D14,C5,r2,T24H,27349144.89,36645692.16,63994837.04,42.73648738,0.03571,0.64367,16.2
WLO,WT,SPO1,long,L2,WLO-L2,D14,C5,r3,T24H,20293.12289,8827508.455,8847801.578,0.229369074,0.03986,1.12233,74.5
WLO,WT,SPO1,long,L2,WLO-L2,D14,C6,r1,T24H,1505007.907,18245475.31,19750483.22,7.620111439,0.03051,1.18233,4.2
WLO,WT,SPO1,long,L2,WLO-L2,D14,C6,r2,T24H,2216578.821,13980833.73,16197412.55,13.68477636,0.03699,1.163,14.8
WLO,WT,SPO1,long,L2,WLO-L2,D14,C6,r3,T24H,1937344.492,26503053.61,28440398.1,6.811949036,0.03548,1.54967,10.9
WLO,WT,SPO1,long,L2,WLO-L2,D14,C7,r1,T24H,2925221.8,20623574.14,23548795.94,12.42196281,0.038,1.14267,7
WLO,WT,SPO1,long,L2,WLO-L2,D14,C7,r3,T24H,555.1854319,999333.7775,999888.9629,0.055624664,0.02863,1.066,3.9
WLO,WT,SPO1,long,L2,WLO-L2,D14,C8,r1,T24H,177962.703,3636956.086,3814918.789,4.664939576,0.06659,0.45967,55.8
WLO,WT,SPO1,long,L2,WLO-L2,D14,C8,r2,T24H,122518.4816,2956640.917,3079159.399,3.978989911,0.02714,0.32967,15.8
WLO,WT,SPO1,long,L2,WLO-L2,D14,C8,r3,T24H,131966.6349,3114080.591,3246047.226,4.065485959,0.0296,0.389,6.3
WLO,WT,SPO1,long,L2,WLO-L2,D14,C9,r3,T24H,3518292.683,114993902.4,118512195.1,2.968718662,0.03508,0.974,11.4
WLO,WT,SPO1,long,L2,WLO-L2,D14,C9,r1,T24H,6640401.146,136851719.2,143492120.3,4.627712019,0.03445,1.15767,11
WLO,WT,SPO1,long,L2,WLO-L2,D14,C9,r2,T24H,4286380.597,188638059.7,192924440.3,2.22179293,0.03364,1.00733,10.8
WSO,WT,SPO1,short,L2,WSO-L2,D14,C1,r3,T24H,19326383.32,329983961.5,349310344.8,5.532725999,0.0208,0.45933,2
WSO,WT,SPO1,short,L2,WSO-L2,D14,C1,r1,T24H,39003846.15,128526923.1,167530769.2,23.281602,0.02634,0.495,32.2
WSO,WT,SPO1,short,L2,WSO-L2,D14,C1,r2,T24H,21161242.6,297359467.5,318520710.1,6.643600516,0.02281,0.34833,19.9
WSO,WT,SPO1,short,L2,WSO-L2,D14,C10,r3,T24H,216410891.1,52599009.9,269009901,80.44718447,0.03573,0.65433,12.4
WSO,WT,SPO1,short,L2,WSO-L2,D14,C10,r1,T24H,201848089,15761973.88,217610062.9,92.75678082,0.03237,0.60167,10.9
WSO,WT,SPO1,short,L2,WSO-L2,D14,C10,r2,T24H,192033333.3,22214285.71,214247619,89.63149009,0.03416,0.61133,13
WSO,WT,SPO1,short,L2,WSO-L2,D14,C11,r3,T24H,232345215.8,43308317.7,275653533.5,84.28885819,0.03739,0.64467,13.2
WSO,WT,SPO1,short,L2,WSO-L2,D14,C11,r1,T24H,205156638.5,17026355.05,222182993.5,92.33678748,0.03368,0.60833,11.3
WSO,WT,SPO1,short,L2,WSO-L2,D14,C11,r2,T24H,159318899.4,37559765.45,196878664.9,80.92237913,0.03805,0.59,13.1
WSO,WT,SPO1,short,L2,WSO-L2,D14,C12,r3,T24H,12949512.84,402116917.6,415066430.5,3.119865366,0.03543,0.563,19.4
WSO,WT,SPO1,short,L2,WSO-L2,D14,C12,r1,T24H,30226904.38,343217179.9,373444084.3,8.094091343,0.0258,0.58167,3.2
WSO,WT,SPO1,short,L2,WSO-L2,D14,C12,r2,T24H,5493273.543,347750373.7,353243647.2,1.555095065,0.03856,0.52233,24.1
WSO,WT,SPO1,short,L2,WSO-L2,D14,C13,r1,T24H,15567412.27,21130720.3,36698132.57,42.42017715,0.02535,0.68933,87.4
WSO,WT,SPO1,short,L2,WSO-L2,D14,C13,r2,T24H,6006506.181,23324658.43,29331164.61,20.47824236,0.01853,0.47667,28.3
WSO,WT,SPO1,short,L2,WSO-L2,D14,C14,r3,T24H,818333.3333,1063000,1881333.333,43.49754952,0.03391,0.56333,10.9
WSO,WT,SPO1,short,L2,WSO-L2,D14,C14,r1,T24H,2199666.667,1167333.333,3367000,65.33017563,0.0319,0.55567,14
WSO,WT,SPO1,short,L2,WSO-L2,D14,C14,r2,T24H,734666.6667,1790666.667,2525333.333,29.09189714,0.03027,0.531,9.9
WSO,WT,SPO1,short,L2,WSO-L2,D14,C15,r3,T24H,1721333.333,704333.3333,2425666.667,70.96332103,0.03257,0.524,10.1
WSO,WT,SPO1,short,L2,WSO-L2,D14,C15,r1,T24H,1114000,474666.6667,1588666.667,70.12171415,0.03024,0.494,6.4
WSO,WT,SPO1,short,L2,WSO-L2,D14,C15,r2,T24H,962000,746666.6667,1708666.667,56.30123509,0.03646,0.435,16.1
WSO,WT,SPO1,short,L2,WSO-L2,D14,C2,r3,T24H,4843087.362,386878710.8,391721798.1,1.236359164,0.02742,0.52533,18.9
WSO,WT,SPO1,short,L2,WSO-L2,D14,C2,r1,T24H,40839636.91,305295007.6,346134644.5,11.79877208,0.0288,0.56933,16
WSO,WT,SPO1,short,L2,WSO-L2,D14,C2,r2,T24H,12058823.53,329750000,341808823.5,3.527944179,0.03368,0.49767,21.5
WSO,WT,SPO1,short,L2,WSO-L2,D14,C3,r3,T24H,18326530.61,255959183.7,274285714.3,6.681547959,0.02791,0.513,11
WSO,WT,SPO1,short,L2,WSO-L2,D14,C3,r1,T24H,69773013.87,221727616.6,291500630.5,23.9358023,0.03375,0.522,16.9
WSO,WT,SPO1,short,L2,WSO-L2,D14,C3,r2,T24H,3156007.173,275068738.8,278224746,1.134337692,0.03133,0.491,17.3
WSO,WT,SPO1,short,L2,WSO-L2,D14,C4,r3,T24H,25336963.92,299108236.9,324445200.8,7.809320273,0.02444,0.48233,8.5
WSO,WT,SPO1,short,L2,WSO-L2,D14,C4,r1,T24H,27787072.24,337787072.2,365574144.5,7.600940489,0.03054,0.48467,13.9
WSO,WT,SPO1,short,L2,WSO-L2,D14,C4,r2,T24H,17656875.83,304299065.4,321955941.3,5.484252507,0.02621,0.42033,14
WSO,WT,SPO1,short,L2,WSO-L2,D14,C5,r3,T24H,497076.0234,421744639.4,422241715.4,0.117723333,0.03109,0.51033,26.1
WSO,WT,SPO1,short,L2,WSO-L2,D14,C5,r1,T24H,550143.2665,247616045.8,248166189.1,0.22168381,0.04103,0.76367,3.8
WSO,WT,SPO1,short,L2,WSO-L2,D14,C5,r2,T24H,956873.3154,187057502.2,188014375.6,0.508936781,0.02932,0.67333,6.3
WSO,WT,SPO1,short,L2,WSO-L2,D14,C6,r3,T24H,115948089.4,226452775.8,342400865.2,33.86325849,0.03099,0.55967,14.1
WSO,WT,SPO1,short,L2,WSO-L2,D14,C6,r1,T24H,178200325.7,209315960.9,387516286.6,45.98524821,0.03404,0.572,18
WSO,WT,SPO1,short,L2,WSO-L2,D14,C6,r2,T24H,146546026.8,231652242.3,378198269.1,38.74846591,0.02847,0.57867,11.7
WSO,WT,SPO1,short,L2,WSO-L2,D14,C7,r3,T24H,245505080.7,21918708.91,267423789.6,91.80375506,0.03691,0.587,11.6
WSO,WT,SPO1,short,L2,WSO-L2,D14,C7,r1,T24H,235243093.9,14143646.41,249386740.3,94.32862937,0.03236,0.63167,9.4
WSO,WT,SPO1,short,L2,WSO-L2,D14,C7,r2,T24H,202583044.1,17109568.67,219692612.8,92.21204192,0.03256,0.63,8.4
WSO,WT,SPO1,short,L2,WSO-L2,D14,C8,r3,T24H,89234828.5,531754617.4,620989445.9,14.36978196,0.02933,0.36667,26.7
WSO,WT,SPO1,short,L2,WSO-L2,D14,C8,r1,T24H,106966386.6,292722689.1,399689075.6,26.76239953,0.02673,0.39967,22.4
WSO,WT,SPO1,short,L2,WSO-L2,D14,C8,r2,T24H,95936819.17,405315904.1,501252723.3,19.13941122,0.0247,0.39233,18
WSO,WT,SPO1,short,L2,WSO-L2,D14,C9,r3,T24H,597333.3333,6321000,6918333.333,8.634077287,0.02785,0.429,6.4
WSO,WT,SPO1,short,L2,WSO-L2,D14,C9,r1,T24H,1196125.381,31521549.85,32717675.23,3.655902615,0.03746,0.55833,7.9
WSO,WT,SPO1,short,L2,WSO-L2,D14,C9,r2,T24H,539692.1831,27431146.21,27970838.4,1.929485116,0.03915,0.75567,8.1
WLO,WT,SPO1,long,L2,WLO-L2,D14,C1,r1,T48H,118280824.6,30517308.44,148798133,79.49079897,0.02582,0.65267,7.4
WLO,WT,SPO1,long,L2,WLO-L2,D14,C1,r2,T48H,63372496.15,9173728.814,72546224.96,87.35464362,0.02408,0.90533,9.2
WLO,WT,SPO1,long,L2,WLO-L2,D14,C1,r3,T48H,189113924.1,95979151.15,285093075.3,66.33409958,0.03089,0.97633,8
WLO,WT,SPO1,long,L2,WLO-L2,D14,C10,r3,T48H,55297901.67,6592127.431,61890029.1,89.34864401,0.05326,1.63333,76
WLO,WT,SPO1,long,L2,WLO-L2,D14,C10,r1,T48H,63336921.42,3982777.18,67319698.6,94.08378646,0.03042,1.17,9.4
WLO,WT,SPO1,long,L2,WLO-L2,D14,C10,r2,T48H,41981674.83,3209034.733,45190709.57,92.89890623,0.04852,1.49833,69.5
WLO,WT,SPO1,long,L2,WLO-L2,D14,C11,r3,T48H,151367.1875,8548177.083,8699544.271,1.739955168,0.02838,0.876,12.5
WLO,WT,SPO1,long,L2,WLO-L2,D14,C11,r1,T48H,909615.9399,8218307.826,9127923.766,9.965210749,0.02839,1.08367,2.9
WLO,WT,SPO1,long,L2,WLO-L2,D14,C11,r2,T48H,265360.41,4860831.765,5126192.175,5.176578427,0.02554,0.844,13
WLO,WT,SPO1,long,L2,WLO-L2,D14,C12,r3,T48H,194087038.8,12620624.41,206707663.2,93.89445744,0.03024,0.488,12.3
WLO,WT,SPO1,long,L2,WLO-L2,D14,C12,r1,T48H,96202020.2,27598845.6,123800865.8,77.70706594,0.02333,0.47067,6.9
WLO,WT,SPO1,long,L2,WLO-L2,D14,C12,r2,T48H,86656177.89,4757709.251,91413887.14,94.79541966,0.02594,0.53767,15.1
WLO,WT,SPO1,long,L2,WLO-L2,D14,C13,r3,T48H,2259570.495,24471418.2,26730988.69,8.453003502,0.02933,0.59933,8.9
WLO,WT,SPO1,long,L2,WLO-L2,D14,C13,r1,T48H,5778236.915,33793388.43,39571625.34,14.60197229,0.0408,0.836,11.5
WLO,WT,SPO1,long,L2,WLO-L2,D14,C13,r2,T48H,1785395.465,18334226.03,20119621.5,8.873906384,0.03021,0.68767,11.7
WLO,WT,SPO1,long,L2,WLO-L2,D14,C14,r3,T48H,60081058.73,11511993.38,71593052.11,83.92023683,0.03014,0.55267,11.8
WLO,WT,SPO1,long,L2,WLO-L2,D14,C14,r1,T48H,47380158.03,30191395.96,77571553.99,61.07929516,0.02664,0.53667,6.6
WLO,WT,SPO1,long,L2,WLO-L2,D14,C14,r2,T48H,37459170.85,7888400.335,45347571.19,82.60458068,0.02754,0.542,10
WLO,WT,SPO1,long,L2,WLO-L2,D14,C15,r3,T48H,83010380.62,15734058.33,98744438.95,84.06587922,0.03527,1.17133,86.1
WLO,WT,SPO1,long,L2,WLO-L2,D14,C15,r1,T48H,57086903.3,4008567.931,61095471.24,93.43884615,0.02882,1.12633,24
WLO,WT,SPO1,long,L2,WLO-L2,D14,C15,r2,T48H,34031014.87,2506881.997,36537896.86,93.13895395,0.03927,0.908,90.3
WLO,WT,SPO1,long,L2,WLO-L2,D14,C2,r1,T48H,4614000,644333.3333,5258333.333,87.74643656,0.0351,0.73433,4.1
WLO,WT,SPO1,long,L2,WLO-L2,D14,C2,r2,T48H,40227929.37,1781701.445,42009630.82,95.75882633,0.02602,0.541,11.1
WLO,WT,SPO1,long,L2,WLO-L2,D14,C2,r3,T48H,65284239.99,2503061.046,67787301.03,96.30747799,0.02745,0.467,12.8
WLO,WT,SPO1,long,L2,WLO-L2,D14,C3,r1,T48H,54483495.92,2923960.978,57407456.9,94.9066531,0.0322,1.05833,13
WLO,WT,SPO1,long,L2,WLO-L2,D14,C3,r2,T48H,6387528.668,11359325.61,17746854.27,35.99245934,0.02874,0.919,60.5
WLO,WT,SPO1,long,L2,WLO-L2,D14,C3,r3,T48H,10611137.11,3215255.03,13826392.14,76.74552576,0.03175,0.72533,8.7
WLO,WT,SPO1,long,L2,WLO-L2,D14,C4,r1,T48H,68505784.59,2462115.04,70967899.63,96.53066384,0.02208,0.579,3.2
WLO,WT,SPO1,long,L2,WLO-L2,D14,C4,r2,T48H,31110408.96,2172068.25,33282477.21,93.47383859,0.02383,0.274,15.9
WLO,WT,SPO1,long,L2,WLO-L2,D14,C4,r3,T48H,74195882.03,28806343.91,103002225.9,72.03328048,0.03058,0.38467,33.7
WLO,WT,SPO1,long,L2,WLO-L2,D14,C5,r1,T48H,96998689.38,10639580.6,107638270,90.11542967,0.03559,0.79967,3.7
WLO,WT,SPO1,long,L2,WLO-L2,D14,C5,r2,T48H,54845212.38,5409647.228,60254859.61,91.02205669,0.03571,0.64367,16.2
WLO,WT,SPO1,long,L2,WLO-L2,D14,C5,r3,T48H,20952500.21,4174805.91,25127306.12,83.38538272,0.03986,1.12233,74.5
WLO,WT,SPO1,long,L2,WLO-L2,D14,C6,r1,T48H,152430177.7,10228509.25,162658687,93.71167358,0.03051,1.18233,4.2
WLO,WT,SPO1,long,L2,WLO-L2,D14,C6,r2,T48H,50531446.12,3279476.566,53810922.69,93.90555608,0.03699,1.163,14.8
WLO,WT,SPO1,long,L2,WLO-L2,D14,C6,r3,T48H,126959654.2,17651296.83,144610951,87.79394189,0.03548,1.54967,10.9
WLO,WT,SPO1,long,L2,WLO-L2,D14,C7,r1,T48H,61515607.37,56923655.51,118439262.9,51.93852643,0.038,1.14267,7
WLO,WT,SPO1,long,L2,WLO-L2,D14,C7,r2,T48H,6757219.775,10833333.33,17590553.11,38.41391654,0.03142,1.03833,10.1
WLO,WT,SPO1,long,L2,WLO-L2,D14,C8,r1,T48H,4506178.49,16151029.75,20657208.24,21.81407681,0.06659,0.45967,55.8
WLO,WT,SPO1,long,L2,WLO-L2,D14,C8,r2,T48H,1274666.667,3227333.333,4502000,28.31335814,0.02714,0.32967,15.8
WLO,WT,SPO1,long,L2,WLO-L2,D14,C8,r3,T48H,2370907.139,7348362.856,9719269.995,24.3938886,0.0296,0.389,6.3
WLO,WT,SPO1,long,L2,WLO-L2,D14,C9,r3,T48H,61022604.95,3495309.857,64517914.81,94.58241976,0.03508,0.974,11.4
WLO,WT,SPO1,long,L2,WLO-L2,D14,C9,r1,T48H,38929959.33,898328.0615,39828287.39,97.74449745,0.03445,1.15767,11
WLO,WT,SPO1,long,L2,WLO-L2,D14,C9,r2,T48H,85712803.49,3969703.258,89682506.74,95.57360364,0.03364,1.00733,10.8
WSO,WT,SPO1,short,L2,WSO-L2,D14,C1,r3,T48H,201027445.5,106410978.2,307438423.6,65.38787294,0.0208,0.45933,2
WSO,WT,SPO1,short,L2,WSO-L2,D14,C1,r1,T48H,155907153,54850781.62,210757934.6,73.97451182,0.02634,0.495,32.2
WSO,WT,SPO1,short,L2,WSO-L2,D14,C1,r2,T48H,158289749,70224895.4,228514644.4,69.26897386,0.02281,0.34833,19.9
WSO,WT,SPO1,short,L2,WSO-L2,D14,C10,r3,T48H,264878806.7,16034804.23,280913610.9,94.29190913,0.03573,0.65433,12.4
WSO,WT,SPO1,short,L2,WSO-L2,D14,C10,r1,T48H,295433017.6,11353179.97,306786197.6,96.29931854,0.03237,0.60167,10.9
WSO,WT,SPO1,short,L2,WSO-L2,D14,C10,r2,T48H,275439384.2,11385503.53,286824887.7,96.03050364,0.03416,0.61133,13
WSO,WT,SPO1,short,L2,WSO-L2,D14,C11,r3,T48H,281715721.5,35520459.44,317236180.9,88.80315,0.03739,0.64467,13.2
WSO,WT,SPO1,short,L2,WSO-L2,D14,C11,r1,T48H,283045859,19425051.33,302470910.3,93.57787787,0.03368,0.60833,11.3
WSO,WT,SPO1,short,L2,WSO-L2,D14,C11,r2,T48H,216992187.5,22466517.86,239458705.4,90.61779035,0.03805,0.59,13.1
WSO,WT,SPO1,short,L2,WSO-L2,D14,C12,r3,T48H,152161862.5,64611973.39,216773835.9,70.19383229,0.03543,0.563,19.4
WSO,WT,SPO1,short,L2,WSO-L2,D14,C12,r1,T48H,213208430.9,34689695.55,247898126.5,86.00647133,0.0258,0.58167,3.2
WSO,WT,SPO1,short,L2,WSO-L2,D14,C12,r2,T48H,172148997.1,68326647.56,240475644.7,71.58687427,0.03856,0.52233,24.1
WSO,WT,SPO1,short,L2,WSO-L2,D14,C13,r3,T48H,30480601.57,7428073.235,37908674.8,80.40534765,0.02795,0.46567,7.2
WSO,WT,SPO1,short,L2,WSO-L2,D14,C13,r1,T48H,25311545.29,2292007.105,27603552.4,91.69669545,0.02535,0.68933,87.4
WSO,WT,SPO1,short,L2,WSO-L2,D14,C13,r2,T48H,19762912.79,5436840.89,25199753.68,78.42502453,0.01853,0.47667,28.3
WSO,WT,SPO1,short,L2,WSO-L2,D14,C14,r3,T48H,615666.6667,172666.6667,788333.3333,78.09727937,0.03391,0.56333,10.9
WSO,WT,SPO1,short,L2,WSO-L2,D14,C14,r1,T48H,10115666.67,954000,11069666.67,91.3818551,0.0319,0.55567,14
WSO,WT,SPO1,short,L2,WSO-L2,D14,C14,r2,T48H,2912666.667,1005000,3917666.667,74.34698179,0.03027,0.531,9.9
WSO,WT,SPO1,short,L2,WSO-L2,D14,C15,r3,T48H,260666.6667,56666.66667,317333.3333,82.14291342,0.03257,0.524,10.1
WSO,WT,SPO1,short,L2,WSO-L2,D14,C15,r1,T48H,1266000,241666.6667,1507666.667,83.97082646,0.03024,0.494,6.4
WSO,WT,SPO1,short,L2,WSO-L2,D14,C15,r2,T48H,1588666.667,294666.6667,1883333.333,84.35399061,0.03646,0.435,16.1
WSO,WT,SPO1,short,L2,WSO-L2,D14,C2,r3,T48H,199836065.6,56666666.67,256502732.2,77.9079677,0.02742,0.52533,18.9
WSO,WT,SPO1,short,L2,WSO-L2,D14,C2,r1,T48H,273529005.5,32486187.85,306015193.4,89.38412587,0.0288,0.56933,16
WSO,WT,SPO1,short,L2,WSO-L2,D14,C2,r2,T48H,220578133.9,25409273.04,245987407,89.67049848,0.03368,0.49767,21.5
WSO,WT,SPO1,short,L2,WSO-L2,D14,C3,r3,T48H,287402234.6,22136871.51,309539106.1,92.84844112,0.02791,0.513,11
WSO,WT,SPO1,short,L2,WSO-L2,D14,C3,r1,T48H,305634807.4,15492154.07,321126961.5,95.1756919,0.03375,0.522,16.9
WSO,WT,SPO1,short,L2,WSO-L2,D14,C3,r2,T48H,155159129,21252093.8,176411222.8,87.95309428,0.03133,0.491,17.3
WSO,WT,SPO1,short,L2,WSO-L2,D14,C4,r3,T48H,53570006.64,100172528.2,153742534.8,34.84397297,0.02444,0.48233,8.5
WSO,WT,SPO1,short,L2,WSO-L2,D14,C4,r1,T48H,65946348.73,163045206.2,228991554.9,28.79859455,0.03054,0.48467,13.9
WSO,WT,SPO1,short,L2,WSO-L2,D14,C4,r2,T48H,51207524.27,238446601.9,289654126.2,17.67885228,0.02621,0.42033,14
WSO,WT,SPO1,short,L2,WSO-L2,D14,C5,r3,T48H,71351161.15,252631949.3,323983110.5,22.02311158,0.03109,0.51033,26.1
WSO,WT,SPO1,short,L2,WSO-L2,D14,C5,r1,T48H,43850050.66,149614994.9,193465045.6,22.66561967,0.04103,0.76367,3.8
WSO,WT,SPO1,short,L2,WSO-L2,D14,C5,r2,T48H,30027269.19,142232177.6,172259446.8,17.43142136,0.02932,0.67333,6.3
WSO,WT,SPO1,short,L2,WSO-L2,D14,C6,r3,T48H,221509831.5,104536516.9,326046348.3,67.93814221,0.03099,0.55967,14.1
WSO,WT,SPO1,short,L2,WSO-L2,D14,C6,r1,T48H,265849495.7,86927851.05,352777346.8,75.35900431,0.03404,0.572,18
WSO,WT,SPO1,short,L2,WSO-L2,D14,C6,r2,T48H,249740656,101922196.8,351662852.8,71.01707056,0.02847,0.57867,11.7
WSO,WT,SPO1,short,L2,WSO-L2,D14,C7,r3,T48H,306477024.1,20999270.61,327476294.7,93.58754484,0.03691,0.587,11.6
WSO,WT,SPO1,short,L2,WSO-L2,D14,C7,r1,T48H,339243421.1,28174342.11,367417763.2,92.33179643,0.03236,0.63167,9.4
WSO,WT,SPO1,short,L2,WSO-L2,D14,C7,r2,T48H,267555982.1,17965451.06,285521433.1,93.70784505,0.03256,0.63,8.4
WSO,WT,SPO1,short,L2,WSO-L2,D14,C8,r3,T48H,119964835.2,77437362.64,197402197.8,60.77178314,0.02933,0.36667,26.7
WSO,WT,SPO1,short,L2,WSO-L2,D14,C8,r1,T48H,95015082.96,249932126.7,344947209.7,27.54481875,0.02673,0.39967,22.4
WSO,WT,SPO1,short,L2,WSO-L2,D14,C8,r2,T48H,129557907.8,146301369.9,275859277.7,46.96521699,0.0247,0.39233,18
WSO,WT,SPO1,short,L2,WSO-L2,D14,C9,r3,T48H,8290073.934,11243511.09,19533585.02,42.44010764,0.02785,0.429,6.4
WSO,WT,SPO1,short,L2,WSO-L2,D14,C9,r1,T48H,2389666.667,3192666.667,5582333.333,42.80767729,0.03746,0.55833,7.9
WSO,WT,SPO1,short,L2,WSO-L2,D14,C9,r2,T48H,2974333.333,4280333.333,7254666.667,40.99890539,0.03915,0.75567,8.1
WSCt,WT,no_Phage,short,L1,WSCt-L1,D14,C1,r3,T24H,283025887.5,44900015.5,327925903,86.3078778,0.03967,0.592,16.6
WSCt,WT,no_Phage,short,L1,WSCt-L1,D14,C1,r1,T24H,412377538.8,92317801.67,504695340.5,81.70821205,0.03611,0.65967,6.2
WSCt,WT,no_Phage,short,L1,WSCt-L1,D14,C1,r2,T24H,408211041.2,86454693.69,494665734.9,82.52260316,0.04624,0.66733,17.3
WSCt,WT,no_Phage,short,L1,WSCt-L1,D14,C10,r3,T24H,386238624.9,59726996.97,445965621.8,86.60726435,0.0361,0.64567,23.9
WSCt,WT,no_Phage,short,L1,WSCt-L1,D14,C10,r1,T24H,571753147.1,44181762.36,615934909.4,92.82687803,0.04516,0.708,29
WSCt,WT,no_Phage,short,L1,WSCt-L1,D14,C10,r2,T24H,21716666.67,3246666.667,24963333.33,86.99425877,0.03032,0.514,21
WSCt,WT,no_Phage,short,L1,WSCt-L1,D14,C11,r3,T24H,452424167.1,87046245.65,539470412.7,83.86450055,0.03977,0.66567,22.5
WSCt,WT,no_Phage,short,L1,WSCt-L1,D14,C11,r1,T24H,594952381,46222222.22,641174603.2,92.79100858,0.03056,0.59033,14.6
WSCt,WT,no_Phage,short,L1,WSCt-L1,D14,C11,r2,T24H,273938476.4,18993875.16,292932351.5,93.51595172,0.03837,0.59833,21
WSCt,WT,no_Phage,short,L1,WSCt-L1,D14,C12,r3,T24H,22410000,1700000,24110000,92.94898412,0.04036,0.68133,25.5
WSCt,WT,no_Phage,short,L1,WSCt-L1,D14,C12,r1,T24H,454113475.2,32943262.41,487056737.6,93.23625775,0.03845,0.656,20.5
WSCt,WT,no_Phage,short,L1,WSCt-L1,D14,C12,r2,T24H,138086594.1,8736721.796,146823315.9,94.04949978,0.0407,0.63533,27.7
WSCt,WT,no_Phage,short,L1,WSCt-L1,D14,C13,r3,T24H,239548570.7,18432285.6,257980856.3,92.85517313,0.04333,1.006,27.9
WSCt,WT,no_Phage,short,L1,WSCt-L1,D14,C13,r1,T24H,171366059.8,21788552.46,193154612.2,88.71963134,0.0402,0.62267,23.6
WSCt,WT,no_Phage,short,L1,WSCt-L1,D14,C13,r2,T24H,191368386.9,15541235.72,206909622.6,92.48887729,0.03183,0.92933,14.7
WSCt,WT,no_Phage,short,L1,WSCt-L1,D14,C14,r3,T24H,16506666.67,1350000,17856666.67,92.43979882,0.03952,0.69633,20
WSCt,WT,no_Phage,short,L1,WSCt-L1,D14,C14,r1,T24H,714635004.4,41934916.45,756569920.8,94.45723188,0.03007,0.77367,2.7
WSCt,WT,no_Phage,short,L1,WSCt-L1,D14,C14,r2,T24H,394456907.8,20125257.06,414582164.9,95.14565297,0.03697,0.68933,18
WSCt,WT,no_Phage,short,L1,WSCt-L1,D14,C15,r3,T24H,182513221.4,79966659,262479880.4,69.53417589,0.02419,0.78633,17.3
WSCt,WT,no_Phage,short,L1,WSCt-L1,D14,C15,r1,T24H,142377701.9,20036973.83,162414675.8,87.66307686,0.02895,0.95467,11.7
WSCt,WT,no_Phage,short,L1,WSCt-L1,D14,C15,r2,T24H,194353797.4,72367648.79,266721446.2,72.86770541,0.03002,0.97967,22.5
WSCt,WT,no_Phage,short,L1,WSCt-L1,D14,C2,r3,T24H,595013517.6,47011114.45,642024632,92.67767745,0.04535,0.674,14.1
WSCt,WT,no_Phage,short,L1,WSCt-L1,D14,C2,r1,T24H,500294590.3,58462774.5,558757364.8,89.53700155,0.02867,0.65467,1.5
WSCt,WT,no_Phage,short,L1,WSCt-L1,D14,C2,r2,T24H,539109559.1,79863232.94,618972792.1,87.09745665,0.03303,0.69767,18.4
WSCt,WT,no_Phage,short,L1,WSCt-L1,D14,C3,r3,T24H,378031685.1,31435429.67,409467114.7,92.3228439,0.03661,0.72833,20.2
WSCt,WT,no_Phage,short,L1,WSCt-L1,D14,C3,r1,T24H,230852256,21621940.43,252474196.4,91.43598013,0.03171,0.62133,9.3
WSCt,WT,no_Phage,short,L1,WSCt-L1,D14,C3,r2,T24H,239013507.7,21716276.51,260729784.2,91.67096445,0.0375,0.59967,13.5
WSCt,WT,no_Phage,short,L1,WSCt-L1,D14,C4,r3,T24H,162741528.4,17758285.41,180499813.8,90.16160464,0.038,0.679,13.1
WSCt,WT,no_Phage,short,L1,WSCt-L1,D14,C4,r1,T24H,259682834.5,28330595.04,288013429.5,90.16344655,0.03701,0.672,15.3
WSCt,WT,no_Phage,short,L1,WSCt-L1,D14,C4,r2,T24H,226390546.7,25035808.07,251426354.7,90.04248859,0.04399,0.71767,16.5
WSCt,WT,no_Phage,short,L1,WSCt-L1,D14,C5,r3,T24H,100943333.3,17153333.33,118096666.7,85.47517583,0.03629,0.51467,25.9
WSCt,WT,no_Phage,short,L1,WSCt-L1,D14,C5,r1,T24H,469374831.6,69805982.22,539180813.8,87.05332603,0.02958,0.654,28.2
WSCt,WT,no_Phage,short,L1,WSCt-L1,D14,C5,r2,T24H,239248224.3,27701301.15,266949525.4,89.62301918,0.03059,0.72567,24.1
WSCt,WT,no_Phage,short,L1,WSCt-L1,D14,C6,r3,T24H,130106666.7,13046666.67,143153333.3,90.88622928,0.04524,0.599,23.6
WSCt,WT,no_Phage,short,L1,WSCt-L1,D14,C6,r1,T24H,11936666.67,1653333.333,13590000,87.8341927,0.02761,0.73367,22.3
WSCt,WT,no_Phage,short,L1,WSCt-L1,D14,C6,r2,T24H,210299809.1,15945095.21,226244904.3,92.95228541,0.02617,0.644,15.3
WSCt,WT,no_Phage,short,L1,WSCt-L1,D14,C7,r3,T24H,684598698.5,62020968.91,746619667.4,91.69309736,0.03428,0.59033,27.3
WSCt,WT,no_Phage,short,L1,WSCt-L1,D14,C7,r1,T24H,452315200.6,77300321.39,529615522,85.40444567,0.02313,0.60633,17.4
WSCt,WT,no_Phage,short,L1,WSCt-L1,D14,C7,r2,T24H,673939505.7,79158981.93,753098487.6,89.4888938,0.02774,0.61067,18.8
WSCt,WT,no_Phage,short,L1,WSCt-L1,D14,C8,r3,T24H,127394844,17394843.96,144789687.9,87.98613072,0.03204,0.714,18.9
WSCt,WT,no_Phage,short,L1,WSCt-L1,D14,C8,r1,T24H,632680560.5,172044556.2,804725116.8,78.62070508,0.02694,0.70267,1.1
WSCt,WT,no_Phage,short,L1,WSCt-L1,D14,C8,r2,T24H,878006789.5,161639185.3,1039645975,84.45247815,0.02737,0.64367,1.5
WSCt,WT,no_Phage,short,L1,WSCt-L1,D14,C9,r3,T24H,211293237,14197212.18,225490449.1,93.70385213,0.04583,1.041,28.7
WSCt,WT,no_Phage,short,L1,WSCt-L1,D14,C9,r1,T24H,296134087.9,25032651.28,321166739.2,92.20571493,0.05398,0.93833,28.8
WSCt,WT,no_Phage,short,L1,WSCt-L1,D14,C9,r2,T24H,225499859.2,16467192.34,241967051.5,93.19444851,0.05106,1.002,29.4
WT,WT,no_Phage,NA,ANC,WT-ANC,D0,C1,r1,T24H,229066593.9,130667758.4,359734352.3,63.67659714,0.03066,0.545,23.6
WT,WT,no_Phage,NA,ANC,WT-ANC,D0,C1,r2,T24H,301953083.5,163400912.9,465353996.4,64.88674992,0.03245,0.725,6.4
WT,WT,no_Phage,NA,ANC,WT-ANC,D0,C1,r3,T24H,171395793.5,102536647.5,273932441,62.56863671,0.03393,0.56267,21.6
WT,WT,no_Phage,NA,ANC,WT-ANC,D0,C10,r3,T24H,413054773.8,37345745.83,450400519.6,91.70832534,0.0507,0.72133,8.6
WT,WT,no_Phage,NA,ANC,WT-ANC,D0,C10,r1,T24H,291180226.2,95466982.85,386647209,75.30902063,0.03712,0.677,2.5
WT,WT,no_Phage,NA,ANC,WT-ANC,D0,C10,r2,T24H,95723333.33,12060000,107783333.3,88.81088614,0.03507,0.70367,7.4
WT,WT,no_Phage,NA,ANC,WT-ANC,D0,C11,r3,T24H,2976666.667,716666.6667,3693333.333,80.59567312,0.03711,0.62267,10
WT,WT,no_Phage,NA,ANC,WT-ANC,D0,C11,r1,T24H,323467862.5,160901131.8,484368994.2,66.78129002,0.03336,0.618,6.2
WT,WT,no_Phage,NA,ANC,WT-ANC,D0,C11,r2,T24H,360760880.4,78926401.75,439687282.1,82.04942358,0.03299,0.68,3.6
WT,WT,no_Phage,NA,ANC,WT-ANC,D0,C12,r3,T24H,260222368.5,77529076.15,337751444.7,77.04552352,0.04137,0.62233,12.9
WT,WT,no_Phage,NA,ANC,WT-ANC,D0,C12,r1,T24H,520057627.7,172770930,692828557.7,75.06296069,0.02997,0.64,7.6
WT,WT,no_Phage,NA,ANC,WT-ANC,D0,C12,r2,T24H,296682464.5,62527110.61,359209575.1,82.59313928,0.03315,0.662,8.1
WT,WT,no_Phage,NA,ANC,WT-ANC,D0,C13,r3,T24H,453710470,112914199.3,566624669.3,80.07248797,0.03424,0.69133,6.4
WT,WT,no_Phage,NA,ANC,WT-ANC,D0,C13,r1,T24H,657029129.7,147801700.7,804830830.5,81.63568107,0.04197,0.69133,10.8
WT,WT,no_Phage,NA,ANC,WT-ANC,D0,C13,r2,T24H,509115587.9,128918416.9,638034004.9,79.79442855,0.02916,0.60567,2.7
WT,WT,no_Phage,NA,ANC,WT-ANC,D0,C14,r3,T24H,256515210.9,40821256.04,297336466.9,86.27102275,0.03522,0.58533,12.3
WT,WT,no_Phage,NA,ANC,WT-ANC,D0,C14,r2,T24H,325507219.9,89928715.04,415435934.9,78.35316898,0.03546,0.62167,11.2
WT,WT,no_Phage,NA,ANC,WT-ANC,D0,C15,r3,T24H,319078641.2,78315495.58,397394136.8,80.2927401,0.02984,0.66033,5.5
WT,WT,no_Phage,NA,ANC,WT-ANC,D0,C15,r1,T24H,543333.3333,63333.33333,606666.6667,89.56045677,0.03145,0.61033,2.1
WT,WT,no_Phage,NA,ANC,WT-ANC,D0,C15,r2,T24H,671892890.1,122566943.7,794459833.8,84.57229198,0.03636,0.63867,10.8
WT,WT,no_Phage,NA,ANC,WT-ANC,D0,C2,r1,T24H,307806769.4,165849313.6,473656083,64.98528801,0.03839,0.55233,16.8
WT,WT,no_Phage,NA,ANC,WT-ANC,D0,C2,r2,T24H,433901111.9,97208422.05,531109533.9,81.69710471,0.03847,0.66633,16.9
WT,WT,no_Phage,NA,ANC,WT-ANC,D0,C2,r3,T24H,347764078,63737578.21,411501656.2,84.51097897,0.03047,0.642,11.3
WT,WT,no_Phage,NA,ANC,WT-ANC,D0,C3,r1,T24H,393196930.9,181202046,574398977,68.45362666,0.02921,0.64367,1.9
WT,WT,no_Phage,NA,ANC,WT-ANC,D0,C3,r2,T24H,478991915.1,71387064.17,550378979.3,87.0294712,0.03726,0.65633,17.1
WT,WT,no_Phage,NA,ANC,WT-ANC,D0,C3,r3,T24H,405145482.4,47248596.22,452394078.6,89.55587654,0.02953,0.63567,12.2
WT,WT,no_Phage,NA,ANC,WT-ANC,D0,C4,r1,T24H,533640098.6,195267050.1,728907148.7,73.21098439,0.03468,0.62567,12.8
WT,WT,no_Phage,NA,ANC,WT-ANC,D0,C4,r2,T24H,431794378.5,38965480.39,470759858.9,91.72285411,0.0308,0.65133,15.5
WT,WT,no_Phage,NA,ANC,WT-ANC,D0,C4,r3,T24H,311544580,28270585.56,339815165.5,91.68059924,0.03437,0.63933,16.1
WT,WT,no_Phage,NA,ANC,WT-ANC,D0,C5,r1,T24H,696047185.4,224813741.7,920860927.2,75.58656961,0.04219,0.59967,18.6
WT,WT,no_Phage,NA,ANC,WT-ANC,D0,C5,r2,T24H,609523079.3,67842355.47,677365434.7,89.98437891,0.0292,0.68133,3
WT,WT,no_Phage,NA,ANC,WT-ANC,D0,C5,r3,T24H,210384700.9,32371581.05,242756282,86.66498735,0.02992,0.60567,12.7
WT,WT,no_Phage,NA,ANC,WT-ANC,D0,C6,r1,T24H,245076619.6,78220300.41,323296920,75.80542983,0.03151,0.62833,1.1
WT,WT,no_Phage,NA,ANC,WT-ANC,D0,C6,r2,T24H,378104440.8,76449424.34,454553865.1,83.18143788,0.03077,0.631,11.1
WT,WT,no_Phage,NA,ANC,WT-ANC,D0,C6,r3,T24H,298833421.7,37019922.73,335853344.4,88.97735478,0.03141,0.59733,23.2
WT,WT,no_Phage,NA,ANC,WT-ANC,D0,C7,r1,T24H,147705743,74797710.68,222503453.7,66.38357334,0.03279,0.561,2.3
WT,WT,no_Phage,NA,ANC,WT-ANC,D0,C7,r2,T24H,515406809,119503750.7,634910559.7,81.17786061,0.03181,0.609,18.2
WT,WT,no_Phage,NA,ANC,WT-ANC,D0,C7,r3,T24H,475604665.4,60773480.66,536378146.1,88.66965759,0.03189,0.59833,14.7
WT,WT,no_Phage,NA,ANC,WT-ANC,D0,C8,r1,T24H,242029609.2,150714408.7,392744017.9,61.62528226,0.03278,0.515,2.9
WT,WT,no_Phage,NA,ANC,WT-ANC,D0,C8,r2,T24H,546603260.9,194921875,741525135.9,73.71338269,0.03147,0.537,7.7
WT,WT,no_Phage,NA,ANC,WT-ANC,D0,C8,r3,T24H,631702086.2,210840319.8,842542405.9,74.97570235,0.03206,0.57033,6.2
WT,WT,no_Phage,NA,ANC,WT-ANC,D0,C9,r3,T24H,336957509.7,177845944.1,514803453.8,65.45362265,0.03269,0.529,17.1
WT,WT,no_Phage,NA,ANC,WT-ANC,D0,C9,r1,T24H,553877325.5,239804752.3,793682077.7,69.78579224,0.03054,0.632,2.4
WT,WT,no_Phage,NA,ANC,WT-ANC,D0,C9,r2,T24H,169007554.1,56457410.78,225464964.8,74.95956386,0.02926,0.541,8.2
WSCt,WT,no_Phage,short,L1,WSCt-L1,D14,C1,r3,T48H,315379885.8,79016249.45,394396135.3,79.96525772,0.03967,0.592,16.6
WSCt,WT,no_Phage,short,L1,WSCt-L1,D14,C1,r1,T48H,419302034.8,86290780.95,505592815.7,82.93275179,0.03611,0.65967,6.2
WSCt,WT,no_Phage,short,L1,WSCt-L1,D14,C1,r2,T48H,562402448.4,104498852.3,666901300.7,84.330687,0.04624,0.66733,17.3
WSCt,WT,no_Phage,short,L1,WSCt-L1,D14,C10,r3,T48H,407441860.5,13004271.48,420446131.9,96.9070303,0.0361,0.64567,23.9
WSCt,WT,no_Phage,short,L1,WSCt-L1,D14,C10,r1,T48H,193213751.9,5092177.379,198305929.2,97.43216082,0.04516,0.708,29
WSCt,WT,no_Phage,short,L1,WSCt-L1,D14,C10,r2,T48H,167731454.3,5472695.244,173204149.5,96.84032096,0.03032,0.514,21
WSCt,WT,no_Phage,short,L1,WSCt-L1,D14,C11,r3,T48H,322448248.1,16103593.51,338551841.6,95.2433892,0.03977,0.66567,22.5
WSCt,WT,no_Phage,short,L1,WSCt-L1,D14,C11,r1,T48H,666323430.1,22366644.16,688690074.3,96.75229178,0.03056,0.59033,14.6
WSCt,WT,no_Phage,short,L1,WSCt-L1,D14,C11,r2,T48H,589675208.6,19651370.68,609326579.3,96.77490342,0.03837,0.59833,21
WSCt,WT,no_Phage,short,L1,WSCt-L1,D14,C12,r3,T48H,286977991,7491534.989,294469526,97.45592182,0.04036,0.68133,25.5
WSCt,WT,no_Phage,short,L1,WSCt-L1,D14,C12,r1,T48H,365645854.3,30404973.03,396050827.3,92.32296189,0.03845,0.656,20.5
WSCt,WT,no_Phage,short,L1,WSCt-L1,D14,C12,r2,T48H,474331268.9,49967057.58,524298326.5,90.46972783,0.0407,0.63533,27.7
WSCt,WT,no_Phage,short,L1,WSCt-L1,D14,C13,r3,T48H,226924322.6,300906833.6,527831156.2,42.99183943,0.04333,1.006,27.9
WSCt,WT,no_Phage,short,L1,WSCt-L1,D14,C13,r1,T48H,80272987.7,194500926.8,274773914.5,29.21419544,0.0402,0.62267,23.6
WSCt,WT,no_Phage,short,L1,WSCt-L1,D14,C13,r2,T48H,102306877,203510193.9,305817070.9,33.45361897,0.03183,0.92933,14.7
WSCt,WT,no_Phage,short,L1,WSCt-L1,D14,C14,r3,T48H,44853333.33,1996666.667,46850000,95.73817156,0.03952,0.69633,20
WSCt,WT,no_Phage,short,L1,WSCt-L1,D14,C14,r1,T48H,381777426.2,10232067.51,392009493.7,97.38984192,0.03007,0.77367,2.7
WSCt,WT,no_Phage,short,L1,WSCt-L1,D14,C14,r2,T48H,292234013.2,10687706.73,302921720,96.47179255,0.03697,0.68933,18
WSCt,WT,no_Phage,short,L1,WSCt-L1,D14,C15,r3,T48H,68813492.06,126912698.4,195726190.5,35.15804019,0.02419,0.78633,17.3
WSCt,WT,no_Phage,short,L1,WSCt-L1,D14,C15,r1,T48H,152673100,188765232.1,341438332,44.71469257,0.02895,0.95467,11.7
WSCt,WT,no_Phage,short,L1,WSCt-L1,D14,C15,r2,T48H,157480051,168839267.8,326319318.7,48.25949383,0.03002,0.97967,22.5
WSCt,WT,no_Phage,short,L1,WSCt-L1,D14,C2,r3,T48H,335380528.2,10423503.67,345804031.9,96.98571946,0.04535,0.674,14.1
WSCt,WT,no_Phage,short,L1,WSCt-L1,D14,C2,r1,T48H,760306771.4,29124579.12,789431350.5,96.31068882,0.02867,0.65467,1.5
WSCt,WT,no_Phage,short,L1,WSCt-L1,D14,C2,r2,T48H,458216877.9,12035532.45,470252410.4,97.44062292,0.03303,0.69767,18.4
WSCt,WT,no_Phage,short,L1,WSCt-L1,D14,C3,r3,T48H,392685067.8,11225982.64,403911050.4,97.2206795,0.03661,0.72833,20.2
WSCt,WT,no_Phage,short,L1,WSCt-L1,D14,C3,r1,T48H,761802100.6,38179473.01,799981573.6,95.22745595,0.03171,0.62133,9.3
WSCt,WT,no_Phage,short,L1,WSCt-L1,D14,C3,r2,T48H,801243567.8,19661234.99,820904802.7,97.60493118,0.0375,0.59967,13.5
WSCt,WT,no_Phage,short,L1,WSCt-L1,D14,C4,r3,T48H,552748926.7,38886580.81,591635507.5,93.42727402,0.038,0.679,13.1
WSCt,WT,no_Phage,short,L1,WSCt-L1,D14,C4,r1,T48H,361251077.7,9148385.861,370399463.6,97.53012984,0.03701,0.672,15.3
WSCt,WT,no_Phage,short,L1,WSCt-L1,D14,C4,r2,T48H,827410617.6,82968580.72,910379198.3,90.88637122,0.04399,0.71767,16.5
WSCt,WT,no_Phage,short,L1,WSCt-L1,D14,C5,r3,T48H,454079336.9,25103611.6,479182948.5,94.76116343,0.03629,0.51467,25.9
WSCt,WT,no_Phage,short,L1,WSCt-L1,D14,C5,r1,T48H,290409401.1,11880212.28,302289613.3,96.06992377,0.02958,0.654,28.2
WSCt,WT,no_Phage,short,L1,WSCt-L1,D14,C5,r2,T48H,506051478.6,26410186.2,532461664.8,95.03998355,0.03059,0.72567,24.1
WSCt,WT,no_Phage,short,L1,WSCt-L1,D14,C6,r3,T48H,403171797,12437603.99,415609401,97.00738147,0.04524,0.599,23.6
WSCt,WT,no_Phage,short,L1,WSCt-L1,D14,C6,r1,T48H,534803985,17790141.03,552594126,96.78061345,0.02761,0.73367,22.3
WSCt,WT,no_Phage,short,L1,WSCt-L1,D14,C6,r2,T48H,412008805.7,9576224.546,421585030.3,97.72851884,0.02617,0.644,15.3
WSCt,WT,no_Phage,short,L1,WSCt-L1,D14,C7,r3,T48H,1446004655,101318851.8,1547323507,93.45199298,0.03428,0.59033,27.3
WSCt,WT,no_Phage,short,L1,WSCt-L1,D14,C7,r1,T48H,143652927.1,6847371.565,150500298.7,95.45026051,0.02313,0.60633,17.4
WSCt,WT,no_Phage,short,L1,WSCt-L1,D14,C7,r2,T48H,210353507.7,6889569.881,217243077.6,96.8286355,0.02774,0.61067,18.8
WSCt,WT,no_Phage,short,L1,WSCt-L1,D14,C8,r3,T48H,380650843.7,15520118.67,396170962.4,96.08246941,0.03204,0.714,18.9
WSCt,WT,no_Phage,short,L1,WSCt-L1,D14,C8,r1,T48H,526416807.2,62067176.76,588483983.9,89.45303894,0.02694,0.70267,1.1
WSCt,WT,no_Phage,short,L1,WSCt-L1,D14,C8,r2,T48H,710121121.6,31889829.1,742010950.7,95.7022428,0.02737,0.64367,1.5
WSCt,WT,no_Phage,short,L1,WSCt-L1,D14,C9,r3,T48H,106677367.6,680754414.1,787431781.7,13.54750607,0.04583,1.041,28.7
WSCt,WT,no_Phage,short,L1,WSCt-L1,D14,C9,r1,T48H,177274607.1,323852357.3,501126964.4,35.37518839,0.05398,0.93833,28.8
WSCt,WT,no_Phage,short,L1,WSCt-L1,D14,C9,r2,T48H,145844787.5,366811165.2,512655952.6,28.44886272,0.05106,1.002,29.4
WT,WT,no_Phage,NA,ANC,WT-ANC,D0,C1,r1,T48H,151189511.7,180319658.2,331509169.9,45.60643443,0.03066,0.545,23.6
WT,WT,no_Phage,NA,ANC,WT-ANC,D0,C1,r2,T48H,266743534.8,116965903.5,383709438.3,69.51706383,0.03245,0.725,6.4
WT,WT,no_Phage,NA,ANC,WT-ANC,D0,C1,r3,T48H,205582298.1,156739130.4,362321428.6,56.74030912,0.03393,0.56267,21.6
WT,WT,no_Phage,NA,ANC,WT-ANC,D0,C10,r3,T48H,238117927.3,24377605.72,262495533.1,90.71313506,0.0507,0.72133,8.6
WT,WT,no_Phage,NA,ANC,WT-ANC,D0,C10,r1,T48H,257482024.1,47049247.05,304531271.2,84.55027403,0.03712,0.677,2.5
WT,WT,no_Phage,NA,ANC,WT-ANC,D0,C10,r2,T48H,214224927.3,19664978.99,233889906.3,91.59220711,0.03507,0.70367,7.4
WT,WT,no_Phage,NA,ANC,WT-ANC,D0,C11,r3,T48H,194098249.4,9490325.396,203588574.8,95.33847842,0.03711,0.62267,10
WT,WT,no_Phage,NA,ANC,WT-ANC,D0,C11,r1,T48H,301147696.7,45353807.19,346501503.9,86.910935,0.03336,0.618,6.2
WT,WT,no_Phage,NA,ANC,WT-ANC,D0,C11,r2,T48H,556193228.7,28984310.49,585177539.2,95.04692021,0.03299,0.68,3.6
WT,WT,no_Phage,NA,ANC,WT-ANC,D0,C12,r3,T48H,642808902.5,32647735.99,675456638.5,95.1665682,0.04137,0.62233,12.9
WT,WT,no_Phage,NA,ANC,WT-ANC,D0,C12,r1,T48H,374527321.8,81394140.87,455921462.7,82.14733296,0.02997,0.64,7.6
WT,WT,no_Phage,NA,ANC,WT-ANC,D0,C12,r2,T48H,1117772021,33860103.63,1151632124,97.05981599,0.03315,0.662,8.1
WT,WT,no_Phage,NA,ANC,WT-ANC,D0,C13,r3,T48H,370411985,30894308.94,401306294,92.30156384,0.03424,0.69133,6.4
WT,WT,no_Phage,NA,ANC,WT-ANC,D0,C13,r1,T48H,448332031.7,40979582.73,489311614.4,91.62505417,0.04197,0.69133,10.8
WT,WT,no_Phage,NA,ANC,WT-ANC,D0,C13,r2,T48H,399940101.8,42547668.96,442487770.8,90.38444186,0.02916,0.60567,2.7
WT,WT,no_Phage,NA,ANC,WT-ANC,D0,C14,r3,T48H,678739559.6,27198177.68,705937737.3,96.14722713,0.03522,0.58533,12.3
WT,WT,no_Phage,NA,ANC,WT-ANC,D0,C14,r1,T48H,614258645.2,49360492.66,663619137.8,92.56192449,0.03087,0.63367,3.2
WT,WT,no_Phage,NA,ANC,WT-ANC,D0,C14,r2,T48H,366155218.6,16155218.55,382310437.1,95.77431926,0.03546,0.62167,11.2
WT,WT,no_Phage,NA,ANC,WT-ANC,D0,C15,r3,T48H,489445215,78668515.95,568113730.9,86.15268184,0.02984,0.66033,5.5
WT,WT,no_Phage,NA,ANC,WT-ANC,D0,C15,r1,T48H,184351824.4,37516068.43,221867892.8,83.09080788,0.03145,0.61033,2.1
WT,WT,no_Phage,NA,ANC,WT-ANC,D0,C15,r2,T48H,266655210.3,30402804.51,297058014.8,89.76536471,0.03636,0.63867,10.8
WT,WT,no_Phage,NA,ANC,WT-ANC,D0,C2,r1,T48H,341836837.3,116436978.2,458273815.5,74.59226908,0.03839,0.55233,16.8
WT,WT,no_Phage,NA,ANC,WT-ANC,D0,C2,r2,T48H,276369243.1,22584970.17,298954213.3,92.44534143,0.03847,0.66633,16.9
WT,WT,no_Phage,NA,ANC,WT-ANC,D0,C2,r3,T48H,218635156.7,22596919.81,241232076.5,90.63270522,0.03047,0.642,11.3
WT,WT,no_Phage,NA,ANC,WT-ANC,D0,C3,r1,T48H,442843915.3,129761904.8,572605820.1,77.33835389,0.02921,0.64367,1.9
WT,WT,no_Phage,NA,ANC,WT-ANC,D0,C3,r2,T48H,381003259.7,25543281.42,406546541.1,93.7170093,0.03726,0.65633,17.1
WT,WT,no_Phage,NA,ANC,WT-ANC,D0,C3,r3,T48H,278853165.4,19158104.08,298011269.5,93.57134915,0.02953,0.63567,12.2
WT,WT,no_Phage,NA,ANC,WT-ANC,D0,C4,r1,T48H,151244976.4,47863882.58,199108859,75.9609479,0.03468,0.62567,12.8
WT,WT,no_Phage,NA,ANC,WT-ANC,D0,C4,r2,T48H,1514657210,43600135.09,1558257345,97.20199393,0.0308,0.65133,15.5
WT,WT,no_Phage,NA,ANC,WT-ANC,D0,C4,r3,T48H,500949005.3,25062885.89,526011891.2,95.23530052,0.03437,0.63933,16.1
WT,WT,no_Phage,NA,ANC,WT-ANC,D0,C5,r1,T48H,303917779.3,97522839.07,401440618.4,75.70678343,0.04219,0.59967,18.6
WT,WT,no_Phage,NA,ANC,WT-ANC,D0,C5,r2,T48H,1111925926,37308641.98,1149234568,96.75360949,0.0292,0.68133,3
WT,WT,no_Phage,NA,ANC,WT-ANC,D0,C5,r3,T48H,764928337.1,32101536.87,797029873.9,95.97235463,0.02992,0.60567,12.7
WT,WT,no_Phage,NA,ANC,WT-ANC,D0,C6,r1,T48H,329818637.9,111373721.8,441192359.6,74.75619895,0.03151,0.62833,1.1
WT,WT,no_Phage,NA,ANC,WT-ANC,D0,C6,r2,T48H,180479176,10716524.85,191195700.9,94.39499698,0.03077,0.631,11.1
WT,WT,no_Phage,NA,ANC,WT-ANC,D0,C6,r3,T48H,401016885.9,22203563.77,423220449.7,94.75366473,0.03141,0.59733,23.2
WT,WT,no_Phage,NA,ANC,WT-ANC,D0,C7,r1,T48H,282353528.3,186974748,469328276.3,60.16120122,0.03279,0.561,2.3
WT,WT,no_Phage,NA,ANC,WT-ANC,D0,C7,r2,T48H,198495070.1,14628956.93,213124027,93.13594198,0.03181,0.609,18.2
WT,WT,no_Phage,NA,ANC,WT-ANC,D0,C7,r3,T48H,2210829371,48652931.85,2259482303,97.84672216,0.03189,0.59833,14.7
WT,WT,no_Phage,NA,ANC,WT-ANC,D0,C8,r1,T48H,169578807.5,192904587,362483394.5,46.78250387,0.03278,0.515,2.9
WT,WT,no_Phage,NA,ANC,WT-ANC,D0,C8,r2,T48H,346426996,153881782.1,500308778.1,69.24263804,0.03147,0.537,7.7
WT,WT,no_Phage,NA,ANC,WT-ANC,D0,C8,r3,T48H,159500796,106652262.9,266153058.9,59.92822215,0.03206,0.57033,6.2
WT,WT,no_Phage,NA,ANC,WT-ANC,D0,C9,r3,T48H,262180289.8,157306385.3,419486675,62.50026657,0.03269,0.529,17.1
WT,WT,no_Phage,NA,ANC,WT-ANC,D0,C9,r1,T48H,259735794.4,163707926.2,423443720.6,61.33891759,0.03054,0.632,2.4
WT,WT,no_Phage,NA,ANC,WT-ANC,D0,C9,r2,T48H,347279852.5,154414476.7,501694329.2,69.22140287,0.02926,0.541,8.2
WLO,WT,SPO1,long,L1,WLO-L1,D14,C1,r3,T24H,2543333.333,51833333.33,54376666.67,4.677253025,0.01514,0.41767,21.5
WLO,WT,SPO1,long,L1,WLO-L1,D14,C1,r1,T24H,2406666.667,46733333.33,49140000,4.8975735,0.03365,0.737,27.6
WLO,WT,SPO1,long,L1,WLO-L1,D14,C1,r2,T24H,2913333.333,42060000,44973333.33,6.477914917,0.01166,0.46133,30.8
WLO,WT,SPO1,long,L1,WLO-L1,D14,C10,r3,T24H,3223333.333,45393333.33,48616666.67,6.630101338,0.01193,0.50433,19.4
WLO,WT,SPO1,long,L1,WLO-L1,D14,C10,r1,T24H,4266666.667,52480000,56746666.67,7.518798622,0.01981,0.432,13.2
WLO,WT,SPO1,long,L1,WLO-L1,D14,C10,r2,T24H,3790000,37350000,41140000,9.212447515,0.00911,0.367,27.5
WLO,WT,SPO1,long,L1,WLO-L1,D14,C11,r3,T24H,2585223.044,196084950.1,198670173.2,1.301264296,0.01292,0.35767,10.3
WLO,WT,SPO1,long,L1,WLO-L1,D14,C11,r1,T24H,5600038.588,189629558.2,195229596.8,2.868437805,0.02225,0.37533,9.9
WLO,WT,SPO1,long,L1,WLO-L1,D14,C11,r2,T24H,6536150.177,246354005.3,252890155.5,2.584581095,0.01419,0.33933,14.9
WLO,WT,SPO1,long,L1,WLO-L1,D14,C12,r3,T24H,1403333.333,35236666.67,36640000,3.830060849,0.01927,0.31867,5.7
WLO,WT,SPO1,long,L1,WLO-L1,D14,C12,r1,T24H,3390000,48430000,51820000,6.541877527,0.03243,0.31267,26.1
WLO,WT,SPO1,long,L1,WLO-L1,D14,C12,r2,T24H,3970000,57960000,61930000,6.410464938,0.02204,0.367,17.9
WLO,WT,SPO1,long,L1,WLO-L1,D14,C13,r3,T24H,42740594.06,29100990.1,71841584.16,59.49283408,0.02525,0.85067,1.8
WLO,WT,SPO1,long,L1,WLO-L1,D14,C13,r1,T24H,5997171.146,11541725.6,17538896.75,34.19355214,0.03467,0.70967,16.4
WLO,WT,SPO1,long,L1,WLO-L1,D14,C13,r2,T24H,3211182.471,6214582.546,9425765.017,34.06814327,0.02273,0.83133,15.5
WLO,WT,SPO1,long,L1,WLO-L1,D14,C14,r3,T24H,7566666.667,66953333.33,74520000,10.15387489,0.03568,0.348,20.7
WLO,WT,SPO1,long,L1,WLO-L1,D14,C14,r1,T24H,173333.3333,51636666.67,51810000,0.334557672,0.0209,0.25967,14.3
WLO,WT,SPO1,long,L1,WLO-L1,D14,C14,r2,T24H,6106666.667,46640000,52746666.67,11.57735254,0.03396,0.37333,15.9
WLO,WT,SPO1,long,L1,WLO-L1,D14,C15,r3,T24H,2730000,43393333.33,46123333.33,5.918915099,0.022,0.42767,18.3
WLO,WT,SPO1,long,L1,WLO-L1,D14,C15,r1,T24H,1403333.333,51183333.33,52586666.67,2.668612399,0.01793,0.37033,9
WLO,WT,SPO1,long,L1,WLO-L1,D14,C15,r2,T24H,1223333.333,48640000,49863333.33,2.453374508,0.01399,0.35667,12.9
WLO,WT,SPO1,long,L1,WLO-L1,D14,C2,r3,T24H,2846666.667,37303333.33,40150000,7.090081185,0.01325,0.37667,28.8
WLO,WT,SPO1,long,L1,WLO-L1,D14,C2,r1,T24H,3350000,49023333.33,52373333.33,6.396386716,0.0178,0.47933,11.4
WLO,WT,SPO1,long,L1,WLO-L1,D14,C2,r2,T24H,3943333.333,60880000,64823333.33,6.083201942,0.01303,0.35,14.2
WLO,WT,SPO1,long,L1,WLO-L1,D14,C3,r3,T24H,4786666.667,39136666.67,43923333.33,10.89777846,0.01849,0.51833,6.4
WLO,WT,SPO1,long,L1,WLO-L1,D14,C3,r1,T24H,3953333.333,49330000,53283333.33,7.419457477,0.03427,0.57,5.8
WLO,WT,SPO1,long,L1,WLO-L1,D14,C3,r2,T24H,5640000,55560000,61200000,9.215687758,0.01847,0.42067,13.3
WLO,WT,SPO1,long,L1,WLO-L1,D14,C4,r3,T24H,1633333.333,68790000,70423333.33,2.319308435,0.04465,0.39767,17.1
WLO,WT,SPO1,long,L1,WLO-L1,D14,C4,r1,T24H,2430000,34533333.33,36963333.33,6.574084952,0.04572,0.45233,19.3
WLO,WT,SPO1,long,L1,WLO-L1,D14,C4,r2,T24H,1963333.333,68570000,70533333.33,2.783555254,0.0479,0.42567,20.7
WLO,WT,SPO1,long,L1,WLO-L1,D14,C5,r3,T24H,2223333.333,30796666.67,33020000,6.733295778,0.02071,0.46967,23.8
WLO,WT,SPO1,long,L1,WLO-L1,D14,C5,r1,T24H,2383333.333,25376666.67,27760000,8.58549801,0.02082,0.455,16.7
WLO,WT,SPO1,long,L1,WLO-L1,D14,C5,r2,T24H,716666.6667,26036666.67,26753333.33,2.678797557,0.01375,0.47867,5.4
WLO,WT,SPO1,long,L1,WLO-L1,D14,C6,r3,T24H,4230000,64803333.33,69033333.33,6.12747601,0.01074,0.253,11.8
WLO,WT,SPO1,long,L1,WLO-L1,D14,C6,r1,T24H,690000,36826666.67,37516666.67,1.839185202,0.01245,0.25633,0.3
WLO,WT,SPO1,long,L1,WLO-L1,D14,C6,r2,T24H,1696666.667,33213333.33,34910000,4.860119215,0.01383,0.24867,27.1
WLO,WT,SPO1,long,L1,WLO-L1,D14,C7,r3,T24H,2106666.667,44100000,46206666.67,4.559228728,0.02143,0.53133,5.3
WLO,WT,SPO1,long,L1,WLO-L1,D14,C7,r1,T24H,573333.3333,22380000,22953333.33,2.497825915,0.02912,0.52733,16
WLO,WT,SPO1,long,L1,WLO-L1,D14,C7,r2,T24H,870000,41926666.67,42796666.67,2.032870893,0.02579,0.577,24.4
WLO,WT,SPO1,long,L1,WLO-L1,D14,C8,r3,T24H,6323333.333,60793333.33,67116666.67,9.421406862,0.01648,0.477,9.7
WLO,WT,SPO1,long,L1,WLO-L1,D14,C8,r1,T24H,4380000,58633333.33,63013333.33,6.950911337,0.0112,0.343,7
WLO,WT,SPO1,long,L1,WLO-L1,D14,C8,r2,T24H,5096666.667,60393333.33,65490000,7.782360038,0.01287,0.34933,20.3
WLO,WT,SPO1,long,L1,WLO-L1,D14,C9,r3,T24H,2886666.667,35000000,37886666.67,7.619217642,0.01799,0.435,12
WLO,WT,SPO1,long,L1,WLO-L1,D14,C9,r1,T24H,4520000,59473333.33,63993333.33,7.063237206,0.02069,0.53233,16.4
WLO,WT,SPO1,long,L1,WLO-L1,D14,C9,r2,T24H,3536666.667,35340000,38876666.67,9.097147155,0.01289,0.43633,15.9
WSO,WT,SPO1,short,L1,WSO-L1,D14,C1,r1,T24H,1205230.633,22079961.76,23285192.39,5.175957151,0.0479,0.56667,25
WSO,WT,SPO1,short,L1,WSO-L1,D14,C1,r2,T24H,1463333.333,17290000,18753333.33,7.803062151,0.02533,0.37067,11.8
WSO,WT,SPO1,short,L1,WSO-L1,D14,C1,r3,T24H,760000,11963333.33,12723333.33,5.973284833,0.03086,0.72133,27.8
WSO,WT,SPO1,short,L1,WSO-L1,D14,C10,r3,T24H,1290000,9843333.333,11133333.33,11.58683429,0.02816,0.46167,34.7
WSO,WT,SPO1,short,L1,WSO-L1,D14,C10,r1,T24H,773333.3333,22370000,23143333.33,3.341499207,0.03241,0.60333,12.9
WSO,WT,SPO1,short,L1,WSO-L1,D14,C10,r2,T24H,160000,4283333.333,4443333.333,3.60092192,0.04397,0.707,19.6
WSO,WT,SPO1,short,L1,WSO-L1,D14,C11,r3,T24H,676666.6667,16960000,17636666.67,3.836709289,0.03319,0.391,46.4
WSO,WT,SPO1,short,L1,WSO-L1,D14,C11,r1,T24H,740000,10680000,11420000,6.479868084,0.0412,0.50733,16.5
WSO,WT,SPO1,short,L1,WSO-L1,D14,C11,r2,T24H,1030000,17833333.33,18863333.33,5.460333692,0.02246,0.47567,31.1
WSO,WT,SPO1,short,L1,WSO-L1,D14,C12,r3,T24H,973333.3333,17853333.33,18826666.67,5.169976708,0.02209,0.701,10.4
WSO,WT,SPO1,short,L1,WSO-L1,D14,C12,r1,T24H,653333.3333,9383333.333,10036666.67,6.509474609,0.03073,0.61633,9.4
WSO,WT,SPO1,short,L1,WSO-L1,D14,C12,r2,T24H,933333.3333,19413333.33,20346666.67,4.587160653,0.03673,0.503,32.5
WSO,WT,SPO1,short,L1,WSO-L1,D14,C13,r3,T24H,57342870.19,23086288.24,80429158.42,71.29612145,0.02366,0.52633,31.2
WSO,WT,SPO1,short,L1,WSO-L1,D14,C13,r1,T24H,22275985.66,5215053.763,27491039.43,81.02998765,0.02537,0.519,28.6
WSO,WT,SPO1,short,L1,WSO-L1,D14,C13,r2,T24H,12900861.28,4324720.542,17225581.82,74.89361848,0.02413,0.53333,34.1
WSO,WT,SPO1,short,L1,WSO-L1,D14,C14,r3,T24H,1856666.667,28923333.33,30780000,6.0320585,0.01491,0.34767,17.5
WSO,WT,SPO1,short,L1,WSO-L1,D14,C14,r1,T24H,1520000,13930000,15450000,9.838193538,0.02523,0.40767,13.4
WSO,WT,SPO1,short,L1,WSO-L1,D14,C14,r2,T24H,1056666.667,9066666.667,10123333.33,10.43794102,0.01221,0.29767,22.2
WSO,WT,SPO1,short,L1,WSO-L1,D14,C15,r3,T24H,993333.3333,16450000,17443333.33,5.694635638,0.01635,0.45633,49.2
WSO,WT,SPO1,short,L1,WSO-L1,D14,C15,r1,T24H,1303333.333,12696666.67,14000000,9.309530287,0.01103,0.29133,11
WSO,WT,SPO1,short,L1,WSO-L1,D14,C15,r2,T24H,1240000,15296666.67,16536666.67,7.498493802,0.01715,0.41333,26.2
WSO,WT,SPO1,short,L1,WSO-L1,D14,C2,r1,T24H,1586666.667,23990000,25576666.67,6.20357463,0.0437,0.659,23.3
WSO,WT,SPO1,short,L1,WSO-L1,D14,C2,r2,T24H,1446666.667,29716666.67,31163333.33,4.642210783,0.0366,0.545,20.4
WSO,WT,SPO1,short,L1,WSO-L1,D14,C2,r3,T24H,1710000,20353333.33,22063333.33,7.750419652,0.04844,0.80733,7.1
WSO,WT,SPO1,short,L1,WSO-L1,D14,C3,r1,T24H,866666.6667,10460000,11326666.67,7.651567894,0.05134,0.77233,31.8
WSO,WT,SPO1,short,L1,WSO-L1,D14,C3,r2,T24H,863333.3333,13533333.33,14396666.67,5.996765038,0.03538,0.37133,32.6
WSO,WT,SPO1,short,L1,WSO-L1,D14,C3,r3,T24H,1363333.333,14533333.33,15896666.67,8.576227181,0.02858,0.392,27.1
WSO,WT,SPO1,short,L1,WSO-L1,D14,C4,r1,T24H,2636666.667,15676666.67,18313333.33,14.39752925,0.02641,0.49167,20.8
WSO,WT,SPO1,short,L1,WSO-L1,D14,C4,r2,T24H,2036666.667,39443333.33,41480000,4.909999078,0.04009,0.54033,25.3
WSO,WT,SPO1,short,L1,WSO-L1,D14,C4,r3,T24H,2006666.667,29523333.33,31530000,6.364312093,0.02706,0.60367,39.6
WSO,WT,SPO1,short,L1,WSO-L1,D14,C5,r1,T24H,1396666.667,16246666.67,17643333.33,7.916120844,0.04439,0.561,8.3
WSO,WT,SPO1,short,L1,WSO-L1,D14,C5,r2,T24H,1550000,22256666.67,23806666.67,6.510785221,0.04082,0.57033,12
WSO,WT,SPO1,short,L1,WSO-L1,D14,C5,r3,T24H,1920000,23920000,25840000,7.43034414,0.02032,0.46167,12
WSO,WT,SPO1,short,L1,WSO-L1,D14,C6,r1,T24H,596666.6667,4886666.667,5483333.333,10.88147522,0.03117,0.43633,18.3
WSO,WT,SPO1,short,L1,WSO-L1,D14,C6,r2,T24H,973333.3333,10330000,11303333.33,8.61103728,0.02206,0.53033,17.8
WSO,WT,SPO1,short,L1,WSO-L1,D14,C6,r3,T24H,736666.6667,9333333.333,10070000,7.315467661,0.02784,0.37667,32.8
WSO,WT,SPO1,short,L1,WSO-L1,D14,C7,r1,T24H,10374038.84,593848559.9,604222598.7,1.716923505,0.03441,0.40367,36
WSO,WT,SPO1,short,L1,WSO-L1,D14,C7,r2,T24H,8798443.813,687191381.1,695989824.9,1.264162849,0.02861,0.42933,24.5
WSO,WT,SPO1,short,L1,WSO-L1,D14,C7,r3,T24H,13372319.69,888888888.9,902261208.6,1.482089726,0.03778,0.437,39.3
WSO,WT,SPO1,short,L1,WSO-L1,D14,C8,r1,T24H,976666.6667,18906666.67,19883333.33,4.911991371,0.04509,0.781,6.7
WSO,WT,SPO1,short,L1,WSO-L1,D14,C8,r2,T24H,473333.3333,12773333.33,13246666.67,3.573233248,0.03959,0.53233,22.4
WSO,WT,SPO1,short,L1,WSO-L1,D14,C8,r3,T24H,590000,27613333.33,28203333.33,2.091954777,0.04965,0.72567,20.1
WSO,WT,SPO1,short,L1,WSO-L1,D14,C9,r3,T24H,760000,23320000,24080000,3.156150201,0.02138,0.524,15
WSO,WT,SPO1,short,L1,WSO-L1,D14,C9,r1,T24H,1486666.667,44190000,45676666.67,3.254763849,0.03578,0.62367,10.9
WSO,WT,SPO1,short,L1,WSO-L1,D14,C9,r2,T24H,1230000,35426666.67,36656666.67,3.355463217,0.02784,0.417,32.9
WLO,WT,SPO1,long,L1,WLO-L1,D14,C1,r3,T48H,4410000,15470000,19880000,22.18310251,0.01514,0.41767,21.5
WLO,WT,SPO1,long,L1,WLO-L1,D14,C1,r1,T48H,1606666.667,2963333.333,4570000,35.15683403,0.03365,0.737,27.6
WLO,WT,SPO1,long,L1,WLO-L1,D14,C1,r2,T48H,2780000,13433333.33,16213333.33,17.14638669,0.01166,0.46133,30.8
WLO,WT,SPO1,long,L1,WLO-L1,D14,C10,r3,T48H,7276666.667,30716666.67,37993333.33,19.15248502,0.01193,0.50433,19.4
WLO,WT,SPO1,long,L1,WLO-L1,D14,C10,r1,T48H,8203333.333,30083333.33,38286666.67,21.42608598,0.01981,0.432,13.2
WLO,WT,SPO1,long,L1,WLO-L1,D14,C10,r2,T48H,10796666.67,38346666.67,49143333.33,21.96974994,0.00911,0.367,27.5
WLO,WT,SPO1,long,L1,WLO-L1,D14,C11,r3,T48H,28838577.77,181125018.7,209963596.5,13.73503746,0.01292,0.35767,10.3
WLO,WT,SPO1,long,L1,WLO-L1,D14,C11,r1,T48H,20510000,85226666.67,105736666.7,19.39724549,0.02225,0.37533,9.9
WLO,WT,SPO1,long,L1,WLO-L1,D14,C11,r2,T48H,42048742.85,228949906.8,270998649.6,15.5162189,0.01419,0.33933,14.9
WLO,WT,SPO1,long,L1,WLO-L1,D14,C12,r3,T48H,4003333.333,15263333.33,19266666.67,20.77855082,0.01927,0.31867,5.7
WLO,WT,SPO1,long,L1,WLO-L1,D14,C12,r1,T48H,6533333.333,34190000,40723333.33,16.04322053,0.03243,0.31267,26.1
WLO,WT,SPO1,long,L1,WLO-L1,D14,C12,r2,T48H,4643333.333,39640000,44283333.33,10.485512,0.02204,0.367,17.9
WLO,WT,SPO1,long,L1,WLO-L1,D14,C13,r3,T48H,265133013.5,798320976.9,1063453990,24.9313103,0.02525,0.85067,1.8
WLO,WT,SPO1,long,L1,WLO-L1,D14,C13,r1,T48H,105714743.1,674291660,780006403.1,13.55306104,0.03467,0.70967,16.4
WLO,WT,SPO1,long,L1,WLO-L1,D14,C13,r2,T48H,217513493.4,687381351.2,904894844.6,24.03743324,0.02273,0.83133,15.5
WLO,WT,SPO1,long,L1,WLO-L1,D14,C14,r3,T48H,1026666.667,3336666.667,4363333.333,23.52942929,0.03568,0.348,20.7
WLO,WT,SPO1,long,L1,WLO-L1,D14,C14,r2,T48H,336666.6667,4520000,4856666.667,6.932071325,0.03396,0.37333,15.9
WLO,WT,SPO1,long,L1,WLO-L1,D14,C15,r3,T48H,4096666.667,11353333.33,15450000,26.51564661,0.022,0.42767,18.3
WLO,WT,SPO1,long,L1,WLO-L1,D14,C15,r2,T48H,3683333.333,14640000,18323333.33,20.10187811,0.01399,0.35667,12.9
WLO,WT,SPO1,long,L1,WLO-L1,D14,C2,r3,T48H,9503333.333,26803333.33,36306666.67,26.17517647,0.01325,0.37667,28.8
WLO,WT,SPO1,long,L1,WLO-L1,D14,C2,r1,T48H,2120000,6130000,8250000,25.6969787,0.0178,0.47933,11.4
WLO,WT,SPO1,long,L1,WLO-L1,D14,C2,r2,T48H,11700000,32830000,44530000,26.27442339,0.01303,0.35,14.2
WLO,WT,SPO1,long,L1,WLO-L1,D14,C3,r3,T48H,55230125.52,94030003.06,149260128.6,37.00259854,0.01849,0.51833,6.4
WLO,WT,SPO1,long,L1,WLO-L1,D14,C3,r1,T48H,2256666.667,5463333.333,7720000,29.23144267,0.03427,0.57,5.8
WLO,WT,SPO1,long,L1,WLO-L1,D14,C3,r2,T48H,3396666.667,12270000,15666666.67,21.68085606,0.01847,0.42067,13.3
WLO,WT,SPO1,long,L1,WLO-L1,D14,C4,r1,T48H,11130000,70403333.33,81533333.33,13.6508596,0.04572,0.45233,19.3
WLO,WT,SPO1,long,L1,WLO-L1,D14,C4,r2,T48H,2493333.333,8303333.333,10796666.67,23.09355451,0.0479,0.42567,20.7
WLO,WT,SPO1,long,L1,WLO-L1,D14,C5,r3,T48H,5410000,13306666.67,18716666.67,28.9047233,0.02071,0.46967,23.8
WLO,WT,SPO1,long,L1,WLO-L1,D14,C5,r1,T48H,1520000,1450000,2970000,51.17846762,0.02082,0.455,16.7
WLO,WT,SPO1,long,L1,WLO-L1,D14,C5,r2,T48H,5426666.667,11020000,16446666.67,32.99554522,0.01375,0.47867,5.4
WLO,WT,SPO1,long,L1,WLO-L1,D14,C6,r3,T48H,4973333.333,1906666.667,6880000,72.28682573,0.01074,0.253,11.8
WLO,WT,SPO1,long,L1,WLO-L1,D14,C6,r1,T48H,4890000,6200000,11090000,44.09378322,0.01245,0.25633,0.3
WLO,WT,SPO1,long,L1,WLO-L1,D14,C6,r2,T48H,6766666.667,4136666.667,10903333.33,62.06053543,0.01383,0.24867,27.1
WLO,WT,SPO1,long,L1,WLO-L1,D14,C7,r3,T48H,5260000,15933333.33,21193333.33,24.81912906,0.02143,0.53133,5.3
WLO,WT,SPO1,long,L1,WLO-L1,D14,C7,r1,T48H,2286666.667,7040000,9326666.667,24.5175206,0.02912,0.52733,16
WLO,WT,SPO1,long,L1,WLO-L1,D14,C7,r2,T48H,4636666.667,16590000,21226666.67,21.84359665,0.02579,0.577,24.4
WLO,WT,SPO1,long,L1,WLO-L1,D14,C8,r3,T48H,4916666.667,22126666.67,27043333.33,18.18070067,0.01648,0.477,9.7
WLO,WT,SPO1,long,L1,WLO-L1,D14,C8,r1,T48H,3263333.333,11703333.33,14966666.67,21.80401413,0.0112,0.343,7
WLO,WT,SPO1,long,L1,WLO-L1,D14,C8,r2,T48H,2366666.667,6673333.333,9040000,26.17994917,0.01287,0.34933,20.3
WLO,WT,SPO1,long,L1,WLO-L1,D14,C9,r3,T48H,3106666.667,15520000,18626666.67,16.67860147,0.01799,0.435,12
WLO,WT,SPO1,long,L1,WLO-L1,D14,C9,r1,T48H,1480000,14656666.67,16136666.67,9.171664377,0.02069,0.53233,16.4
WLO,WT,SPO1,long,L1,WLO-L1,D14,C9,r2,T48H,3300000,14726666.67,18026666.67,18.30621755,0.01289,0.43633,15.9
WSO,WT,SPO1,short,L1,WSO-L1,D14,C1,r1,T48H,160000,70000,230000,69.56534972,0.0479,0.56667,25
WSO,WT,SPO1,short,L1,WSO-L1,D14,C1,r2,T48H,2436666.667,903333.3333,3340000,72.95409991,0.02533,0.37067,11.8
WSO,WT,SPO1,short,L1,WSO-L1,D14,C1,r3,T48H,5176666.667,17766666.67,22943333.33,22.56283935,0.03086,0.72133,27.8
WSO,WT,SPO1,short,L1,WSO-L1,D14,C10,r3,T48H,6670000,21700000,28370000,23.51075349,0.02816,0.46167,34.7
WSO,WT,SPO1,short,L1,WSO-L1,D14,C10,r1,T48H,5430000,20483333.33,25913333.33,20.95446665,0.03241,0.60333,12.9
WSO,WT,SPO1,short,L1,WSO-L1,D14,C10,r2,T48H,5133333.333,22110000,27243333.33,18.84253326,0.04397,0.707,19.6
WSO,WT,SPO1,short,L1,WSO-L1,D14,C11,r3,T48H,1076666.667,273333.3333,1350000,79.75310142,0.03319,0.391,46.4
WSO,WT,SPO1,short,L1,WSO-L1,D14,C11,r1,T48H,1443333.333,793333.3333,2236666.667,64.53056727,0.0412,0.50733,16.5
WSO,WT,SPO1,short,L1,WSO-L1,D14,C11,r2,T48H,1010000,1100000,2110000,47.86732329,0.02246,0.47567,31.1
WSO,WT,SPO1,short,L1,WSO-L1,D14,C12,r3,T48H,7523333.333,2540000,10063333.33,74.75985676,0.02209,0.701,10.4
WSO,WT,SPO1,short,L1,WSO-L1,D14,C12,r1,T48H,18926666.67,6360000,25286666.67,74.84840595,0.03073,0.61633,9.4
WSO,WT,SPO1,short,L1,WSO-L1,D14,C12,r2,T48H,7333333.333,4513333.333,11846666.67,61.90208538,0.03673,0.503,32.5
WSO,WT,SPO1,short,L1,WSO-L1,D14,C13,r3,T48H,312698412.7,766219539.5,1078917952,28.98259435,0.02366,0.52633,31.2
WSO,WT,SPO1,short,L1,WSO-L1,D14,C13,r1,T48H,143493603.9,920732245.3,1064225849,13.48337901,0.02537,0.519,28.6
WSO,WT,SPO1,short,L1,WSO-L1,D14,C13,r2,T48H,301872399.4,813522884.9,1115395284,27.06416321,0.02413,0.53333,34.1
WSO,WT,SPO1,short,L1,WSO-L1,D14,C14,r3,T48H,681985.1012,479138.2506,1161123.352,58.7349753,0.01491,0.34767,17.5
WSO,WT,SPO1,short,L1,WSO-L1,D14,C14,r1,T48H,32256666.67,82680000,114936666.7,28.06473193,0.02523,0.40767,13.4
WSO,WT,SPO1,short,L1,WSO-L1,D14,C14,r2,T48H,19423333.33,71003333.33,90426666.67,21.47965289,0.01221,0.29767,22.2
WSO,WT,SPO1,short,L1,WSO-L1,D14,C15,r1,T48H,14946666.67,57436666.67,72383333.33,20.64932184,0.01103,0.29133,11
WSO,WT,SPO1,short,L1,WSO-L1,D14,C15,r2,T48H,1663333.333,2263333.333,3926666.667,42.35994677,0.01715,0.41333,26.2
WSO,WT,SPO1,short,L1,WSO-L1,D14,C2,r2,T48H,3776666.667,4536666.667,8313333.333,45.42903624,0.0366,0.545,20.4
WSO,WT,SPO1,short,L1,WSO-L1,D14,C2,r3,T48H,3443333.333,5750000,9193333.333,37.45468411,0.04844,0.80733,7.1
WSO,WT,SPO1,short,L1,WSO-L1,D14,C3,r2,T48H,1280000,673333.3333,1953333.333,65.52902789,0.03538,0.37133,32.6
WSO,WT,SPO1,short,L1,WSO-L1,D14,C3,r3,T48H,3426666.667,2420000,5846666.667,58.60890104,0.02858,0.392,27.1
WSO,WT,SPO1,short,L1,WSO-L1,D14,C4,r1,T48H,7053333.333,7086666.667,14140000,49.88213461,0.02641,0.49167,20.8
WSO,WT,SPO1,short,L1,WSO-L1,D14,C4,r2,T48H,5473333.333,6536666.667,12010000,45.57313803,0.04009,0.54033,25.3
WSO,WT,SPO1,short,L1,WSO-L1,D14,C4,r3,T48H,4800000,4486666.667,9286666.667,51.68701166,0.02706,0.60367,39.6
WSO,WT,SPO1,short,L1,WSO-L1,D14,C5,r1,T48H,1253333.333,206666.6667,1460000,85.84475855,0.04439,0.561,8.3
WSO,WT,SPO1,short,L1,WSO-L1,D14,C5,r2,T48H,2196666.667,1286666.667,3483333.333,63.06221156,0.04082,0.57033,12
WSO,WT,SPO1,short,L1,WSO-L1,D14,C5,r3,T48H,3563333.333,3373333.333,6936666.667,51.36954089,0.02032,0.46167,12
WSO,WT,SPO1,short,L1,WSO-L1,D14,C6,r1,T48H,756666.6667,173333.3333,930000,81.36202721,0.03117,0.43633,18.3
WSO,WT,SPO1,short,L1,WSO-L1,D14,C6,r2,T48H,1613333.333,670000,2283333.333,70.65694716,0.02206,0.53033,17.8
WSO,WT,SPO1,short,L1,WSO-L1,D14,C6,r3,T48H,753333.3333,260000,1013333.333,74.34213058,0.02784,0.37667,32.8
WSO,WT,SPO1,short,L1,WSO-L1,D14,C7,r1,T48H,9636666.667,58636666.67,68273333.33,14.11483379,0.03441,0.40367,36
WSO,WT,SPO1,short,L1,WSO-L1,D14,C7,r2,T48H,74219844.61,405387848.7,479607693.3,15.4751157,0.02861,0.42933,24.5
WSO,WT,SPO1,short,L1,WSO-L1,D14,C7,r3,T48H,48348949.33,292004002.5,340352951.9,14.20553279,0.03778,0.437,39.3
WSO,WT,SPO1,short,L1,WSO-L1,D14,C8,r1,T48H,3013333.333,3620000,6633333.333,45.42714391,0.04509,0.781,6.7
WSO,WT,SPO1,short,L1,WSO-L1,D14,C8,r2,T48H,673333.3333,426666.6667,1100000,61.21215647,0.03959,0.53233,22.4
WSO,WT,SPO1,short,L1,WSO-L1,D14,C8,r3,T48H,486666.6667,186666.6667,673333.3333,72.2772689,0.04965,0.72567,20.1
WSO,WT,SPO1,short,L1,WSO-L1,D14,C9,r3,T48H,11613333.33,18893333.33,30506666.67,38.06818385,0.02138,0.524,15
WSO,WT,SPO1,short,L1,WSO-L1,D14,C9,r1,T48H,1363333.333,1056666.667,2420000,56.3361062,0.03578,0.62367,10.9
WSO,WT,SPO1,short,L1,WSO-L1,D14,C9,r2,T48H,2540000,2330000,4870000,52.15606732,0.02784,0.417,32.9
WLCt,WT,no_Phage,long,L1,WLCt-L1,D14,C1,r1,T24H,716884697.3,343839367.2,1060724064,67.58446627,0.02628,0.7,12
WLCt,WT,no_Phage,long,L1,WLCt-L1,D14,C1,r2,T24H,1393465909,284730113.6,1678196023,83.03356047,0.04545,0.751,23.7
WLCt,WT,no_Phage,long,L1,WLCt-L1,D14,C1,r3,T24H,1406341719,302568134.2,1708909853,82.2946697,0.03808,0.81567,18
WLCt,WT,no_Phage,long,L1,WLCt-L1,D14,C10,r3,T24H,1308652300,181119331,1489771631,87.84247685,0.04943,0.837,22.5
WLCt,WT,no_Phage,long,L1,WLCt-L1,D14,C10,r1,T24H,1335077328,174596906.9,1509674235,88.43479588,0.03479,0.73033,17
WLCt,WT,no_Phage,long,L1,WLCt-L1,D14,C10,r2,T24H,1338811421,170949535.2,1509760956,88.67704623,0.03187,0.70167,19.4
WLCt,WT,no_Phage,long,L1,WLCt-L1,D14,C11,r3,T24H,1293094250,89181979.85,1382276230,93.5481796,0.03516,0.525,21.9
WLCt,WT,no_Phage,long,L1,WLCt-L1,D14,C11,r1,T24H,1641941748,160310679.6,1802252427,91.1049819,0.02826,0.89667,12.1
WLCt,WT,no_Phage,long,L1,WLCt-L1,D14,C11,r2,T24H,1256782609,99304347.83,1356086957,92.67714011,0.03106,0.651,17.5
WLCt,WT,no_Phage,long,L1,WLCt-L1,D14,C12,r3,T24H,1236063532,190906259.7,1426969791,86.62156265,0.04503,0.637,20.6
WLCt,WT,no_Phage,long,L1,WLCt-L1,D14,C12,r1,T24H,884059607.1,150891849.2,1034951456,85.42039357,0.03248,0.699,16.3
WLCt,WT,no_Phage,long,L1,WLCt-L1,D14,C12,r2,T24H,875470917,87456013.25,962926930.2,90.91768956,0.03812,0.67567,18.3
WLCt,WT,no_Phage,long,L1,WLCt-L1,D14,C13,r3,T24H,1053555015,186807245.2,1240362260,84.9392995,0.0508,0.73833,19.8
WLCt,WT,no_Phage,long,L1,WLCt-L1,D14,C13,r1,T24H,901620029.5,225085910.7,1126705940,80.02265698,0.03389,0.959,12.9
WLCt,WT,no_Phage,long,L1,WLCt-L1,D14,C13,r2,T24H,1583364911,168776051.5,1752140962,90.36743875,0.04696,0.68867,16.9
WLCt,WT,no_Phage,long,L1,WLCt-L1,D14,C14,r3,T24H,1733248082,249190110.8,1982438193,87.43011956,0.04214,0.88167,26.4
WLCt,WT,no_Phage,long,L1,WLCt-L1,D14,C14,r1,T24H,875777630.7,154114273.1,1029891904,85.03587878,0.03888,0.73933,23.9
WLCt,WT,no_Phage,long,L1,WLCt-L1,D14,C14,r2,T24H,1618492618,200116550.1,1818609169,88.99617612,0.03671,0.93133,18.3
WLCt,WT,no_Phage,long,L1,WLCt-L1,D14,C15,r3,T24H,629372993.1,100236606.4,729609599.5,86.26161082,0.03034,0.754,19.4
WLCt,WT,no_Phage,long,L1,WLCt-L1,D14,C15,r1,T24H,249062582.5,36856350.67,285918933.2,87.10951033,0.02717,0.76,8.2
WLCt,WT,no_Phage,long,L1,WLCt-L1,D14,C15,r2,T24H,621419228.3,102599738.4,724018966.6,85.82913667,0.02806,0.69333,4.6
WLCt,WT,no_Phage,long,L1,WLCt-L1,D14,C2,r1,T24H,706212251.9,192924935.3,899137187.2,78.543326,0.0349,0.691,27.5
WLCt,WT,no_Phage,long,L1,WLCt-L1,D14,C2,r2,T24H,777549089.2,95102909.87,872651999.1,89.10185161,0.04298,0.733,30.5
WLCt,WT,no_Phage,long,L1,WLCt-L1,D14,C2,r3,T24H,558975332.1,115749525.6,674724857.7,82.84492944,0.03515,0.702,26
WLCt,WT,no_Phage,long,L1,WLCt-L1,D14,C3,r1,T24H,751179673.3,177382032.7,928561706,80.89711956,0.03324,0.81667,23.1
WLCt,WT,no_Phage,long,L1,WLCt-L1,D14,C3,r2,T24H,824625081.5,103303629.6,927928711.1,88.86728816,0.03301,0.669,24.4
WLCt,WT,no_Phage,long,L1,WLCt-L1,D14,C3,r3,T24H,206016970.9,23823605.04,229840576,89.63472623,0.03236,0.68567,23.8
WLCt,WT,no_Phage,long,L1,WLCt-L1,D14,C4,r1,T24H,1065684330,214508359.3,1280192689,83.24405685,0.03813,0.83767,23
WLCt,WT,no_Phage,long,L1,WLCt-L1,D14,C4,r2,T24H,981950059.5,89346016.65,1071296076,91.66000711,0.03723,0.67533,22.1
WLCt,WT,no_Phage,long,L1,WLCt-L1,D14,C4,r3,T24H,1053840084,113729616,1167569700,90.2592868,0.03747,0.62633,24.1
WLCt,WT,no_Phage,long,L1,WLCt-L1,D14,C5,r1,T24H,1108698334,301295496.6,1409993831,78.63143159,0.04327,0.79867,30.9
WLCt,WT,no_Phage,long,L1,WLCt-L1,D14,C5,r2,T24H,696862960.9,112988442.5,809851403.4,86.0482501,0.03436,0.68633,24.4
WLCt,WT,no_Phage,long,L1,WLCt-L1,D14,C5,r3,T24H,1505704821,167979389,1673684211,89.96349563,0.03658,0.84633,24.3
WLCt,WT,no_Phage,long,L1,WLCt-L1,D14,C6,r1,T24H,242821697.5,125778576.3,368600273.8,65.87670034,0.03734,0.679,33.9
WLCt,WT,no_Phage,long,L1,WLCt-L1,D14,C6,r2,T24H,259235668.8,128078556.3,387314225.1,66.93161582,0.03132,0.42933,25.2
WLCt,WT,no_Phage,long,L1,WLCt-L1,D14,C6,r3,T24H,794498458.6,92103391.04,886601849.7,89.61164011,0.02873,0.60633,23.6
WLCt,WT,no_Phage,long,L1,WLCt-L1,D14,C7,r1,T24H,930495889.7,300556881.5,1231052771,75.58537796,0.0404,0.76867,28.3
WLCt,WT,no_Phage,long,L1,WLCt-L1,D14,C7,r2,T24H,906450882.8,129741964.7,1036192847,87.47897509,0.02976,0.75533,13.7
WLCt,WT,no_Phage,long,L1,WLCt-L1,D14,C7,r3,T24H,830024320.1,172894096.8,1002918417,82.76090121,0.02797,0.80933,10.1
WLCt,WT,no_Phage,long,L1,WLCt-L1,D14,C8,r1,T24H,470610092.3,35059331.18,505669423.5,93.06674885,0.03386,0.66833,33.1
WLCt,WT,no_Phage,long,L1,WLCt-L1,D14,C8,r2,T24H,240633366,36761345.09,277394711.1,86.74764028,0.03118,0.69633,24.8
WLCt,WT,no_Phage,long,L1,WLCt-L1,D14,C8,r3,T24H,193581375.1,29041557.88,222622933,86.95482206,0.02797,0.71667,17.2
WLCt,WT,no_Phage,long,L1,WLCt-L1,D14,C9,r3,T24H,655019084,220820610.7,875839694.7,74.78755396,0.02848,0.67933,17.5
WLCt,WT,no_Phage,long,L1,WLCt-L1,D14,C9,r1,T24H,378121151,135068861.3,513190012.3,73.68053591,0.02933,0.66233,16.7
WLCt,WT,no_Phage,long,L1,WLCt-L1,D14,C9,r2,T24H,705242566.5,198161189.4,903403755.9,78.06504701,0.04555,0.68167,26
WSCt,WT,no_Phage,short,L2,WSCt-L2,D14,C1,r3,T24H,826006119.1,254954106.8,1080960226,76.41410845,0.04433,0.742,21.9
WSCt,WT,no_Phage,short,L2,WSCt-L2,D14,C1,r1,T24H,630034722.2,251369598.8,881404321,71.48078441,0.05182,0.87333,24.5
WSCt,WT,no_Phage,short,L2,WSCt-L2,D14,C1,r2,T24H,863963374.8,152866797.5,1016830172,84.96633937,0.03743,0.663,22.8
WSCt,WT,no_Phage,short,L2,WSCt-L2,D14,C10,r3,T24H,762847443.2,193019308.3,955866751.5,79.80688126,0.04344,0.76333,24.4
WSCt,WT,no_Phage,short,L2,WSCt-L2,D14,C10,r1,T24H,880597014.9,123309921,1003906936,87.71699682,0.03926,0.88267,28.1
WSCt,WT,no_Phage,short,L2,WSCt-L2,D14,C10,r2,T24H,511932572.3,101234404,613166976.4,83.48991257,0.03434,0.667,22.2
WSCt,WT,no_Phage,short,L2,WSCt-L2,D14,C11,r3,T24H,205384615.4,83623649.08,289008264.5,71.06530883,0.04057,0.829,33.4
WSCt,WT,no_Phage,short,L2,WSCt-L2,D14,C11,r1,T24H,831735601.1,70139157.33,901874758.4,92.22296038,0.03642,0.791,26.1
WSCt,WT,no_Phage,short,L2,WSCt-L2,D14,C11,r2,T24H,993549107.1,53593750,1047142857,94.88190655,0.03517,0.63633,28.3
WSCt,WT,no_Phage,short,L2,WSCt-L2,D14,C12,r3,T24H,296805011.7,65927956.15,362732967.9,81.82465841,0.03747,0.72,29.5
WSCt,WT,no_Phage,short,L2,WSCt-L2,D14,C12,r1,T24H,515166446.3,42903497.18,558069943.5,92.31216488,0.03466,0.78133,28.1
WSCt,WT,no_Phage,short,L2,WSCt-L2,D14,C12,r2,T24H,592530055.4,41996487.91,634526543.3,93.38144507,0.0322,0.69067,23.9
WSCt,WT,no_Phage,short,L2,WSCt-L2,D14,C13,r3,T24H,471172937.9,95367079.3,566540017.2,83.16675323,0.03619,0.91533,22.8
WSCt,WT,no_Phage,short,L2,WSCt-L2,D14,C13,r1,T24H,594617208.2,51317807.84,645935016,92.05526772,0.03141,0.71967,19.4
WSCt,WT,no_Phage,short,L2,WSCt-L2,D14,C13,r2,T24H,539263301.5,92155525.24,631418826.7,85.40500834,0.03203,0.724,20.9
WSCt,WT,no_Phage,short,L2,WSCt-L2,D14,C14,r3,T24H,1328225256,270068259.4,1598293515,83.10271195,0.03594,0.74967,24.5
WSCt,WT,no_Phage,short,L2,WSCt-L2,D14,C14,r1,T24H,1229300085,110314536.7,1339614622,91.7652036,0.03645,0.81267,26.6
WSCt,WT,no_Phage,short,L2,WSCt-L2,D14,C14,r2,T24H,1277806122,190880102,1468686224,87.00334362,0.03918,0.667,27.8
WSCt,WT,no_Phage,short,L2,WSCt-L2,D14,C15,r3,T24H,793213614.5,181394863.2,974608477.8,81.38792477,0.03123,0.642,18.2
WSCt,WT,no_Phage,short,L2,WSCt-L2,D14,C15,r1,T24H,1055804126,91623166.79,1147427293,92.01490436,0.03088,0.72033,15.6
WSCt,WT,no_Phage,short,L2,WSCt-L2,D14,C15,r2,T24H,940972871.8,145533208.6,1086506080,86.60539402,0.03552,0.687,25.3
WSCt,WT,no_Phage,short,L2,WSCt-L2,D14,C2,r3,T24H,568468345.8,64098025.87,632566371.7,89.86698809,0.04527,0.692,18.5
WSCt,WT,no_Phage,short,L2,WSCt-L2,D14,C2,r1,T24H,791341145.8,206315104.2,997656250,79.3200209,0.0495,0.76067,18.6
WSCt,WT,no_Phage,short,L2,WSCt-L2,D14,C2,r2,T24H,1055552539,198398045.1,1253950584,84.17816081,0.04573,0.86567,17.5
WSCt,WT,no_Phage,short,L2,WSCt-L2,D14,C3,r3,T24H,1708798283,265407725.3,1974206009,86.55622949,0.03779,0.87933,11
WSCt,WT,no_Phage,short,L2,WSCt-L2,D14,C3,r1,T24H,875606375.6,170154770.2,1045761146,83.72909811,0.03454,0.78367,11.7
WSCt,WT,no_Phage,short,L2,WSCt-L2,D14,C3,r2,T24H,1212111897,206363356.9,1418475254,85.45174784,0.0407,0.895,12.9
WSCt,WT,no_Phage,short,L2,WSCt-L2,D14,C4,r3,T24H,933656575.2,150260170.3,1083916746,86.13729599,0.03373,0.69267,17.6
WSCt,WT,no_Phage,short,L2,WSCt-L2,D14,C4,r1,T24H,753905921.9,185930281.4,939836203.3,80.21673558,0.03842,0.83433,22.9
WSCt,WT,no_Phage,short,L2,WSCt-L2,D14,C4,r2,T24H,1373519401,176480599,1550000000,88.61415491,0.03504,0.75233,16.7
WSCt,WT,no_Phage,short,L2,WSCt-L2,D14,C5,r3,T24H,848010346.2,81933943.49,929944289.7,91.18937077,0.03267,0.60933,22.3
WSCt,WT,no_Phage,short,L2,WSCt-L2,D14,C5,r1,T24H,730957854.4,150134099.6,881091954,82.96045052,0.04384,0.67867,33.2
WSCt,WT,no_Phage,short,L2,WSCt-L2,D14,C5,r2,T24H,1477595067,114285714.3,1591880781,92.82071148,0.04732,0.675,23.5
WSCt,WT,no_Phage,short,L2,WSCt-L2,D14,C6,r3,T24H,1355579476,314747039.8,1670326516,81.15655612,0.0298,0.74067,6.1
WSCt,WT,no_Phage,short,L2,WSCt-L2,D14,C6,r1,T24H,811267881.6,107818930,919086811.7,88.26890686,0.03999,0.67167,24.9
WSCt,WT,no_Phage,short,L2,WSCt-L2,D14,C6,r2,T24H,601188835.3,195141281.9,796330117.2,75.49492636,0.03482,0.65933,20.9
WSCt,WT,no_Phage,short,L2,WSCt-L2,D14,C7,r3,T24H,1392512315,130771757,1523284072,91.41514316,0.03418,0.71933,18.7
WSCt,WT,no_Phage,short,L2,WSCt-L2,D14,C7,r1,T24H,710719915.9,105465055.2,816184971.1,87.07829,0.03364,0.644,18.6
WSCt,WT,no_Phage,short,L2,WSCt-L2,D14,C7,r2,T24H,1232762692,131582054.3,1364344746,90.3556594,0.03824,0.693,25.5
WSCt,WT,no_Phage,short,L2,WSCt-L2,D14,C8,r3,T24H,169226268.8,39300862.95,208527131.8,81.15311786,0.03389,0.755,29.1
WSCt,WT,no_Phage,short,L2,WSCt-L2,D14,C8,r1,T24H,336582608.7,62800000,399382608.7,84.27572997,0.03482,0.81267,18.5
WSCt,WT,no_Phage,short,L2,WSCt-L2,D14,C8,r2,T24H,231404746.6,53399615.14,284804361.8,81.25042235,0.02919,0.73433,18.5
WSCt,WT,no_Phage,short,L2,WSCt-L2,D14,C9,r3,T24H,610389822.2,143402381.3,753792203.6,80.97587366,0.03307,0.81033,20.5
WSCt,WT,no_Phage,short,L2,WSCt-L2,D14,C9,r1,T24H,656873578.2,99658758.53,756532336.7,86.82690038,0.03324,0.78633,20.7
WSCt,WT,no_Phage,short,L2,WSCt-L2,D14,C9,r2,T24H,889179265.7,119956803.5,1009136069,88.11292084,0.03814,0.721,26.5
WLCt,WT,no_Phage,long,L1,WLCt-L1,D14,C1,r1,T48H,552701917.5,80737943.06,633439860.5,87.25404763,0.02628,0.7,12
WLCt,WT,no_Phage,long,L1,WLCt-L1,D14,C1,r2,T48H,540248962.7,40910269.71,581159232.4,92.96057477,0.04545,0.751,23.7
WLCt,WT,no_Phage,long,L1,WLCt-L1,D14,C1,r3,T48H,476347373.2,38824728.26,515172101.4,92.46373628,0.03808,0.81567,18
WLCt,WT,no_Phage,long,L1,WLCt-L1,D14,C10,r3,T48H,127506666.7,22093333.33,149600000,85.23172915,0.04943,0.837,22.5
WLCt,WT,no_Phage,long,L1,WLCt-L1,D14,C10,r1,T48H,135077773.9,21610784.65,156688558.6,86.20780949,0.03479,0.73033,17
WLCt,WT,no_Phage,long,L1,WLCt-L1,D14,C10,r2,T48H,99293333.33,25000000,124293333.3,79.88629066,0.03187,0.70167,19.4
WLCt,WT,no_Phage,long,L1,WLCt-L1,D14,C11,r3,T48H,111606666.7,35246666.67,146853333.3,75.99872905,0.03516,0.525,21.9
WLCt,WT,no_Phage,long,L1,WLCt-L1,D14,C11,r1,T48H,380140227.9,28571428.57,408711656.4,93.00939231,0.02826,0.89667,12.1
WLCt,WT,no_Phage,long,L1,WLCt-L1,D14,C11,r2,T48H,122882697.2,48614229.45,171496926.6,71.6530027,0.03106,0.651,17.5
WLCt,WT,no_Phage,long,L1,WLCt-L1,D14,C12,r3,T48H,135744784.3,19825042.52,155569826.8,87.25649902,0.04503,0.637,20.6
WLCt,WT,no_Phage,long,L1,WLCt-L1,D14,C12,r1,T48H,245072805.3,30028397.08,275101202.3,89.08459988,0.03248,0.699,16.3
WLCt,WT,no_Phage,long,L1,WLCt-L1,D14,C12,r2,T48H,128854333.3,25046786.21,153901119.5,83.7254036,0.03812,0.67567,18.3
WLCt,WT,no_Phage,long,L1,WLCt-L1,D14,C13,r3,T48H,1641439761,120440134.3,1761879896,93.16411212,0.0508,0.73833,19.8
WLCt,WT,no_Phage,long,L1,WLCt-L1,D14,C13,r1,T48H,413150274.6,52401397.9,465551672.5,88.74423595,0.03389,0.959,12.9
WLCt,WT,no_Phage,long,L1,WLCt-L1,D14,C13,r2,T48H,2144584139,127176015.5,2271760155,94.40187314,0.04696,0.68867,16.9
WLCt,WT,no_Phage,long,L1,WLCt-L1,D14,C14,r3,T48H,272827761.8,35774100.62,308601862.4,88.40768483,0.04214,0.88167,26.4
WLCt,WT,no_Phage,long,L1,WLCt-L1,D14,C14,r1,T48H,273716791.3,24684034.05,298400825.4,91.72789354,0.03888,0.73933,23.9
WLCt,WT,no_Phage,long,L1,WLCt-L1,D14,C14,r2,T48H,109900000,21593333.33,131493333.3,83.57838179,0.03671,0.93133,18.3
WLCt,WT,no_Phage,long,L1,WLCt-L1,D14,C15,r3,T48H,220921712.3,68659210.7,289580923,76.29014724,0.03034,0.754,19.4
WLCt,WT,no_Phage,long,L1,WLCt-L1,D14,C15,r1,T48H,598364073.8,87056936.65,685421010.4,87.29876453,0.02717,0.76,8.2
WLCt,WT,no_Phage,long,L1,WLCt-L1,D14,C15,r2,T48H,458999643.6,46703100.87,505702744.4,90.76471281,0.02806,0.69333,4.6
WLCt,WT,no_Phage,long,L1,WLCt-L1,D14,C2,r1,T48H,371540762.9,52524308.15,424065071.1,87.61409236,0.0349,0.691,27.5
WLCt,WT,no_Phage,long,L1,WLCt-L1,D14,C2,r2,T48H,198353402.4,49302716.33,247656118.7,80.09226811,0.04298,0.733,30.5
WLCt,WT,no_Phage,long,L1,WLCt-L1,D14,C2,r3,T48H,243904427.4,39602408.13,283506835.6,86.03123346,0.03515,0.702,26
WLCt,WT,no_Phage,long,L1,WLCt-L1,D14,C3,r1,T48H,389575289.6,42565213.3,432140502.9,90.15014494,0.03324,0.81667,23.1
WLCt,WT,no_Phage,long,L1,WLCt-L1,D14,C3,r2,T48H,211486523.4,32403914.49,243890437.9,86.71374137,0.03301,0.669,24.4
WLCt,WT,no_Phage,long,L1,WLCt-L1,D14,C3,r3,T48H,271966273.2,32573355.82,304539629,89.30406666,0.03236,0.68567,23.8
WLCt,WT,no_Phage,long,L1,WLCt-L1,D14,C4,r1,T48H,156049733.3,18151118.62,174200851.9,89.58035032,0.03813,0.83767,23
WLCt,WT,no_Phage,long,L1,WLCt-L1,D14,C4,r2,T48H,103143333.3,18100000,121243333.3,85.07134425,0.03723,0.67533,22.1
WLCt,WT,no_Phage,long,L1,WLCt-L1,D14,C4,r3,T48H,85333333.33,12806666.67,98140000,86.9506149,0.03747,0.62633,24.1
WLCt,WT,no_Phage,long,L1,WLCt-L1,D14,C5,r1,T48H,281834445.7,37088006.61,318922452.3,88.37083867,0.04327,0.79867,30.9
WLCt,WT,no_Phage,long,L1,WLCt-L1,D14,C5,r2,T48H,2745370938,118945432.3,2864316370,95.84733609,0.03436,0.68633,24.4
WLCt,WT,no_Phage,long,L1,WLCt-L1,D14,C5,r3,T48H,2070308123,114705882.4,2185014006,94.75033652,0.03658,0.84633,24.3
WLCt,WT,no_Phage,long,L1,WLCt-L1,D14,C6,r1,T48H,120728447.3,395188237.9,515916685.2,23.40076441,0.03734,0.679,33.9
WLCt,WT,no_Phage,long,L1,WLCt-L1,D14,C6,r2,T48H,54471894.64,342334509.8,396806404.4,13.72757468,0.03132,0.42933,25.2
WLCt,WT,no_Phage,long,L1,WLCt-L1,D14,C6,r3,T48H,110027855.2,342399522.5,452427377.6,24.31945133,0.02873,0.60633,23.6
WLCt,WT,no_Phage,long,L1,WLCt-L1,D14,C7,r1,T48H,378686352.5,55990914.25,434677266.7,87.11896885,0.0404,0.76867,28.3
WLCt,WT,no_Phage,long,L1,WLCt-L1,D14,C7,r2,T48H,669874732.7,44592117.32,714466850,93.75868632,0.02976,0.75533,13.7
WLCt,WT,no_Phage,long,L1,WLCt-L1,D14,C7,r3,T48H,393831576.9,53727158.46,447558735.4,87.99550671,0.02797,0.80933,10.1
WLCt,WT,no_Phage,long,L1,WLCt-L1,D14,C8,r1,T48H,172677475.9,78943908.85,251621384.8,68.62591444,0.03386,0.66833,33.1
WLCt,WT,no_Phage,long,L1,WLCt-L1,D14,C8,r2,T48H,273971602.4,84308316.43,358279918.9,76.46859013,0.03118,0.69633,24.8
WLCt,WT,no_Phage,long,L1,WLCt-L1,D14,C8,r3,T48H,208233522.2,53101914.94,261335437.1,79.68055335,0.02797,0.71667,17.2
WLCt,WT,no_Phage,long,L1,WLCt-L1,D14,C9,r3,T48H,261213013.8,44972553.22,306185567,85.31199445,0.02848,0.67933,17.5
WLCt,WT,no_Phage,long,L1,WLCt-L1,D14,C9,r1,T48H,448628235,58891480.62,507519715.7,88.39621818,0.02933,0.66233,16.7
WLCt,WT,no_Phage,long,L1,WLCt-L1,D14,C9,r2,T48H,299873737.4,61884469.7,361758207.1,82.89341656,0.04555,0.68167,26
WSCt,WT,no_Phage,short,L2,WSCt-L2,D14,C1,r3,T48H,133058192.3,35707049.86,168765242.2,78.84217793,0.04433,0.742,21.9
WSCt,WT,no_Phage,short,L2,WSCt-L2,D14,C1,r1,T48H,211199278.6,53549744.51,264749023.1,79.77339305,0.05182,0.87333,24.5
WSCt,WT,no_Phage,short,L2,WSCt-L2,D14,C1,r2,T48H,204879551.8,49887955.18,254767507,80.41824267,0.03743,0.663,22.8
WSCt,WT,no_Phage,short,L2,WSCt-L2,D14,C10,r3,T48H,83153333.33,33226666.67,116380000,71.44984844,0.04344,0.76333,24.4
WSCt,WT,no_Phage,short,L2,WSCt-L2,D14,C10,r1,T48H,54136666.67,28346666.67,82483333.33,65.63346172,0.03926,0.88267,28.1
WSCt,WT,no_Phage,short,L2,WSCt-L2,D14,C10,r2,T48H,126958836.1,28679914.83,155638750.9,81.5727674,0.03434,0.667,22.2
WSCt,WT,no_Phage,short,L2,WSCt-L2,D14,C11,r3,T48H,125024472.4,41638278.71,166662751.1,75.01644597,0.04057,0.829,33.4
WSCt,WT,no_Phage,short,L2,WSCt-L2,D14,C11,r1,T48H,31583333.33,14493333.33,46076666.67,68.54517901,0.03642,0.791,26.1
WSCt,WT,no_Phage,short,L2,WSCt-L2,D14,C11,r2,T48H,109380000,19996666.67,129376666.7,84.54383852,0.03517,0.63633,28.3
WSCt,WT,no_Phage,short,L2,WSCt-L2,D14,C12,r3,T48H,21156666.67,14670000,35826666.67,59.05284818,0.03747,0.72,29.5
WSCt,WT,no_Phage,short,L2,WSCt-L2,D14,C12,r1,T48H,33173333.33,13030000,46203333.33,71.79857214,0.03466,0.78133,28.1
WSCt,WT,no_Phage,short,L2,WSCt-L2,D14,C12,r2,T48H,11913333.33,8933333.333,20846666.67,57.1474277,0.0322,0.69067,23.9
WSCt,WT,no_Phage,short,L2,WSCt-L2,D14,C13,r3,T48H,102286666.7,44700000,146986666.7,69.58907858,0.03619,0.91533,22.8
WSCt,WT,no_Phage,short,L2,WSCt-L2,D14,C13,r1,T48H,197059748.4,40230607.97,237290356.4,83.0458311,0.03141,0.71967,19.4
WSCt,WT,no_Phage,short,L2,WSCt-L2,D14,C13,r2,T48H,876663212.4,84227979.27,960891191.7,91.2343895,0.03203,0.724,20.9
WSCt,WT,no_Phage,short,L2,WSCt-L2,D14,C14,r3,T48H,50476666.67,47310000,97786666.67,51.61917148,0.03594,0.74967,24.5
WSCt,WT,no_Phage,short,L2,WSCt-L2,D14,C14,r1,T48H,100666666.7,36786666.67,137453333.3,73.23697759,0.03645,0.81267,26.6
WSCt,WT,no_Phage,short,L2,WSCt-L2,D14,C14,r2,T48H,18876666.67,24460000,43336666.67,43.55818913,0.03918,0.667,27.8
WSCt,WT,no_Phage,short,L2,WSCt-L2,D14,C15,r3,T48H,190728307.1,44702988.06,235431295.2,81.01230007,0.03123,0.642,18.2
WSCt,WT,no_Phage,short,L2,WSCt-L2,D14,C15,r1,T48H,49540000,25453333.33,74993333.33,66.05920572,0.03088,0.72033,15.6
WSCt,WT,no_Phage,short,L2,WSCt-L2,D14,C15,r2,T48H,136210175,40960068.3,177170243.3,76.88095512,0.03552,0.687,25.3
WSCt,WT,no_Phage,short,L2,WSCt-L2,D14,C2,r3,T48H,182033778.1,23538277.41,205572055.5,88.54986528,0.04527,0.692,18.5
WSCt,WT,no_Phage,short,L2,WSCt-L2,D14,C2,r1,T48H,126985359,32485447.17,159470806.1,79.62922007,0.0495,0.76067,18.6
WSCt,WT,no_Phage,short,L2,WSCt-L2,D14,C2,r2,T48H,149539773.7,39714575.24,189254348.9,79.01523782,0.04573,0.86567,17.5
WSCt,WT,no_Phage,short,L2,WSCt-L2,D14,C3,r3,T48H,185667797.9,28497048.02,214164845.9,86.6938723,0.03779,0.87933,11
WSCt,WT,no_Phage,short,L2,WSCt-L2,D14,C3,r1,T48H,110646666.7,28853333.33,139500000,79.31660708,0.03454,0.78367,11.7
WSCt,WT,no_Phage,short,L2,WSCt-L2,D14,C3,r2,T48H,248117961.8,34909475.52,283027437.3,87.66569216,0.0407,0.895,12.9
WSCt,WT,no_Phage,short,L2,WSCt-L2,D14,C4,r3,T48H,46626666.67,17173333.33,63800000,73.08255006,0.03373,0.69267,17.6
WSCt,WT,no_Phage,short,L2,WSCt-L2,D14,C4,r1,T48H,84643333.33,42263333.33,126906666.7,66.69731062,0.03842,0.83433,22.9
WSCt,WT,no_Phage,short,L2,WSCt-L2,D14,C4,r2,T48H,66130000,32673333.33,98803333.33,66.93094059,0.03504,0.75233,16.7
WSCt,WT,no_Phage,short,L2,WSCt-L2,D14,C5,r3,T48H,769801616.5,82127112.42,851928728.9,90.35986116,0.03267,0.60933,22.3
WSCt,WT,no_Phage,short,L2,WSCt-L2,D14,C5,r1,T48H,312322354.1,68399933.12,380722287.2,82.03416631,0.04384,0.67867,33.2
WSCt,WT,no_Phage,short,L2,WSCt-L2,D14,C5,r2,T48H,339050910.3,49671274.44,388722184.8,87.22190905,0.04732,0.675,23.5
WSCt,WT,no_Phage,short,L2,WSCt-L2,D14,C6,r3,T48H,212874670.8,44646758.92,257521429.8,82.66289575,0.0298,0.74067,6.1
WSCt,WT,no_Phage,short,L2,WSCt-L2,D14,C6,r1,T48H,116143333.3,25113333.33,141256666.7,82.2214882,0.03999,0.67167,24.9
WSCt,WT,no_Phage,short,L2,WSCt-L2,D14,C6,r2,T48H,503488920.3,42055634.13,545544554.5,92.29107252,0.03482,0.65933,20.9
WSCt,WT,no_Phage,short,L2,WSCt-L2,D14,C7,r3,T48H,190851972.9,39251068.11,230103041,82.94196036,0.03418,0.71933,18.7
WSCt,WT,no_Phage,short,L2,WSCt-L2,D14,C7,r1,T48H,396259615.4,44442307.69,440701923.1,89.91556305,0.03364,0.644,18.6
WSCt,WT,no_Phage,short,L2,WSCt-L2,D14,C7,r2,T48H,331801973.6,51728999.09,383530972.7,86.51243247,0.03824,0.693,25.5
WSCt,WT,no_Phage,short,L2,WSCt-L2,D14,C8,r3,T48H,76970000,26346666.67,103316666.7,74.49911301,0.03389,0.755,29.1
WSCt,WT,no_Phage,short,L2,WSCt-L2,D14,C8,r1,T48H,88130000,31376666.67,119506666.7,73.74484012,0.03482,0.81267,18.5
WSCt,WT,no_Phage,short,L2,WSCt-L2,D14,C8,r2,T48H,134216019.8,36647595.48,170863615.3,78.55155107,0.02919,0.73433,18.5
WSCt,WT,no_Phage,short,L2,WSCt-L2,D14,C9,r3,T48H,65931248.65,106867913.6,172799162.3,38.15484311,0.03307,0.81033,20.5
WSCt,WT,no_Phage,short,L2,WSCt-L2,D14,C9,r1,T48H,66680000,81943333.33,148623333.3,44.86509558,0.03324,0.78633,20.7
WSCt,WT,no_Phage,short,L2,WSCt-L2,D14,C9,r2,T48H,71553308.82,111841299,183394607.8,39.01603775,0.03814,0.721,26.5
WLCt,WT,no_Phage,long,L2,WLCt-L2,D14,C1,r1,T24H,463209351.8,463655685.4,926865037.2,49.97592246,0.03481,0.861,19.7
WLCt,WT,no_Phage,long,L2,WLCt-L2,D14,C1,r2,T24H,624685853.3,273145520.9,897831374.1,69.57719139,0.03949,0.71667,24.2
WLCt,WT,no_Phage,long,L2,WLCt-L2,D14,C1,r3,T24H,250822988.5,144147126.4,394970114.9,63.50429549,0.03677,0.72267,26.6
WLCt,WT,no_Phage,long,L2,WLCt-L2,D14,C10,r3,T24H,2379779650,564290343.5,2944069994,80.8329848,0.04035,0.83667,16.7
WLCt,WT,no_Phage,long,L2,WLCt-L2,D14,C10,r1,T24H,510772939.6,176435136.4,687208075.9,74.32580578,0.03198,0.75033,7
WLCt,WT,no_Phage,long,L2,WLCt-L2,D14,C10,r2,T24H,1608042895,405093833.8,2013136729,79.87748037,0.04611,0.78133,15.9
WLCt,WT,no_Phage,long,L2,WLCt-L2,D14,C11,r3,T24H,1489827180,301531814.6,1791358995,83.16742678,0.03574,0.78433,11.3
WLCt,WT,no_Phage,long,L2,WLCt-L2,D14,C11,r1,T24H,583054849.3,251307664.4,834362513.6,69.88027866,0.0433,0.90133,9.1
WLCt,WT,no_Phage,long,L2,WLCt-L2,D14,C11,r2,T24H,537298991.6,78250204.42,615549196,87.28774161,0.03498,0.741,17.6
WLCt,WT,no_Phage,long,L2,WLCt-L2,D14,C12,r3,T24H,2362091.315,566023332.9,568385424.2,0.415579325,0.03799,0.76433,18.4
WLCt,WT,no_Phage,long,L2,WLCt-L2,D14,C12,r1,T24H,5253049.073,410707769.1,415960818.2,1.262871364,0.03873,0.85333,19.8
WLCt,WT,no_Phage,long,L2,WLCt-L2,D14,C12,r2,T24H,1664887.94,449861259.3,451526147.3,0.368724812,0.04624,0.62667,21
WLCt,WT,no_Phage,long,L2,WLCt-L2,D14,C13,r3,T24H,1570948136,288087520.3,1859035656,84.50338921,0.04325,0.85633,15.5
WLCt,WT,no_Phage,long,L2,WLCt-L2,D14,C13,r1,T24H,658444275.4,208349182.2,866793457.6,75.96322629,0.03411,0.87567,6.7
WLCt,WT,no_Phage,long,L2,WLCt-L2,D14,C13,r2,T24H,1627400662,269205298,1896605960,85.80594475,0.05149,0.84033,15
WLCt,WT,no_Phage,long,L2,WLCt-L2,D14,C14,r3,T24H,1014705125,175096574.8,1189801700,85.2835498,0.04696,0.77167,16.5
WLCt,WT,no_Phage,long,L2,WLCt-L2,D14,C14,r1,T24H,368223410.6,174699940.6,542923351.2,67.82235653,0.03706,0.79667,11
WLCt,WT,no_Phage,long,L2,WLCt-L2,D14,C14,r2,T24H,1971847200,403819989.5,2375667190,83.00182824,0.04964,0.752,13.8
WLCt,WT,no_Phage,long,L2,WLCt-L2,D14,C15,r3,T24H,215105105.1,1217717718,1432822823,15.01268004,0.0383,0.74733,19
WLCt,WT,no_Phage,long,L2,WLCt-L2,D14,C15,r1,T24H,565600287.6,1078289001,1643889288,34.40622749,0.04951,0.85933,31.4
WLCt,WT,no_Phage,long,L2,WLCt-L2,D14,C15,r2,T24H,754164660.6,1503659124,2257823784,33.40228172,0.03896,0.87433,18.5
WLCt,WT,no_Phage,long,L2,WLCt-L2,D14,C2,r1,T24H,533301033.6,189890180.9,723191214.5,73.74274233,0.04172,0.70667,17.2
WLCt,WT,no_Phage,long,L2,WLCt-L2,D14,C2,r2,T24H,786887899.6,130534196.7,917422096.3,85.7716315,0.04556,0.73933,15.5
WLCt,WT,no_Phage,long,L2,WLCt-L2,D14,C2,r3,T24H,759470782.8,227232635.1,986703417.9,76.97052319,0.04185,0.83767,14.6
WLCt,WT,no_Phage,long,L2,WLCt-L2,D14,C3,r1,T24H,432269395.2,249328039.1,681597434.3,63.42004442,0.03566,0.86633,19.6
WLCt,WT,no_Phage,long,L2,WLCt-L2,D14,C3,r2,T24H,925040537.4,135649756.8,1060690294,87.21118149,0.03388,0.681,21
WLCt,WT,no_Phage,long,L2,WLCt-L2,D14,C3,r3,T24H,789952360.3,194066695.5,984019055.9,80.27815679,0.04309,0.71533,32.3
WLCt,WT,no_Phage,long,L2,WLCt-L2,D14,C4,r1,T24H,377179691.7,224893673.6,602073365.2,62.64679918,0.03738,0.93867,20.4
WLCt,WT,no_Phage,long,L2,WLCt-L2,D14,C4,r2,T24H,932658670.7,204772613.7,1137431284,81.99692444,0.04109,0.89433,24.7
WLCt,WT,no_Phage,long,L2,WLCt-L2,D14,C4,r3,T24H,373900112.8,86996205.52,460896318.3,81.12456059,0.03228,0.67667,21.2
WLCt,WT,no_Phage,long,L2,WLCt-L2,D14,C5,r1,T24H,305456045.3,231168984.2,536625029.5,56.92169185,0.03283,0.894,6.4
WLCt,WT,no_Phage,long,L2,WLCt-L2,D14,C5,r2,T24H,1023750338,203755741.7,1227506079,83.40083647,0.03479,0.855,7.1
WLCt,WT,no_Phage,long,L2,WLCt-L2,D14,C5,r3,T24H,423362205.7,124179577.9,547541783.6,77.32052943,0.04656,0.707,29.5
WLCt,WT,no_Phage,long,L2,WLCt-L2,D14,C6,r1,T24H,474277306.6,322624199.4,796901506,59.51517263,0.04079,0.70167,26
WLCt,WT,no_Phage,long,L2,WLCt-L2,D14,C6,r2,T24H,709803554.7,146230121.6,856033676.3,82.91771393,0.03876,0.86233,18.6
WLCt,WT,no_Phage,long,L2,WLCt-L2,D14,C6,r3,T24H,884666820.4,177841826.1,1062508647,83.262082,0.03549,0.73267,22.5
WLCt,WT,no_Phage,long,L2,WLCt-L2,D14,C7,r1,T24H,514959299.6,194839502.4,709798802,72.55003791,0.04134,0.69833,23.2
WLCt,WT,no_Phage,long,L2,WLCt-L2,D14,C7,r2,T24H,851832247.6,91612377.85,943444625.4,90.28958613,0.03736,0.684,23.3
WLCt,WT,no_Phage,long,L2,WLCt-L2,D14,C7,r3,T24H,574175320.7,125106902.9,699282223.6,82.10924024,0.04808,0.72867,33.8
WLCt,WT,no_Phage,long,L2,WLCt-L2,D14,C8,r1,T24H,315154109.6,470787671.2,785941780.8,40.09891291,0.04317,0.78833,25.3
WLCt,WT,no_Phage,long,L2,WLCt-L2,D14,C8,r2,T24H,1411015038,316203007.5,1727218045,81.69293053,0.04857,0.88133,31.8
WLCt,WT,no_Phage,long,L2,WLCt-L2,D14,C8,r3,T24H,612613981.8,159743330,772357311.7,79.31743154,0.03902,0.922,18.9
WLCt,WT,no_Phage,long,L2,WLCt-L2,D14,C9,r3,T24H,1501434720,682735533.2,2184170253,68.74165227,0.04864,0.74833,21.2
WLCt,WT,no_Phage,long,L2,WLCt-L2,D14,C9,r1,T24H,1225339559,717911714.8,1943251273,63.05615623,0.05401,0.711,20
WLCt,WT,no_Phage,long,L2,WLCt-L2,D14,C9,r2,T24H,1454805095,310111925.9,1764917020,82.42909315,0.04883,0.73467,20.4
WSCt,WT,no_Phage,short,L3,WSCt-L3,D14,C1,r3,T24H,654718726.9,205829015.5,860547742.4,76.08162741,0.0372,0.889,31.5
WSCt,WT,no_Phage,short,L3,WSCt-L3,D14,C1,r1,T24H,530180451.1,168706766.9,698887218,75.8606593,0.03819,0.81933,31.6
WSCt,WT,no_Phage,short,L3,WSCt-L3,D14,C1,r2,T24H,433285041.7,126343112.4,559628154.1,77.42373909,0.03242,0.63333,26.5
WSCt,WT,no_Phage,short,L3,WSCt-L3,D14,C10,r3,T24H,390777439,514729420.7,905506859.8,43.15565756,0.04213,0.77033,8.2
WSCt,WT,no_Phage,short,L3,WSCt-L3,D14,C10,r1,T24H,123207547.2,274987694.8,398195242,30.94149173,0.03523,0.72833,16
WSCt,WT,no_Phage,short,L3,WSCt-L3,D14,C10,r2,T24H,274618713.9,229606347.9,504225061.8,54.4635194,0.04449,0.62333,21.5
WSCt,WT,no_Phage,short,L3,WSCt-L3,D14,C11,r3,T24H,326879557.5,42808649.74,369688207.2,88.42033671,0.0377,0.67733,14.7
WSCt,WT,no_Phage,short,L3,WSCt-L3,D14,C11,r1,T24H,96850980.84,17506022.71,114357003.6,84.69177924,0.02996,0.695,10.3
WSCt,WT,no_Phage,short,L3,WSCt-L3,D14,C11,r2,T24H,338929757.9,28773137.16,367702895.1,92.17489515,0.03066,0.75567,13.3
WSCt,WT,no_Phage,short,L3,WSCt-L3,D14,C12,r3,T24H,1021041850,330523851.3,1351565701,75.54511402,0.05173,0.671,15
WSCt,WT,no_Phage,short,L3,WSCt-L3,D14,C12,r1,T24H,582954181.4,159051586,742005767.4,78.56464292,0.03838,0.855,12.9
WSCt,WT,no_Phage,short,L3,WSCt-L3,D14,C12,r2,T24H,1367637877,219562955.3,1587200832,86.16665575,0.05212,0.79933,15.7
WSCt,WT,no_Phage,short,L3,WSCt-L3,D14,C13,r3,T24H,1067790055,211049723.8,1278839779,83.49678145,0.04114,0.67333,15.8
WSCt,WT,no_Phage,short,L3,WSCt-L3,D14,C13,r1,T24H,616854667.3,144809547.2,761664214.5,80.98774444,0.03875,0.71333,5.7
WSCt,WT,no_Phage,short,L3,WSCt-L3,D14,C13,r2,T24H,1664266547,340250447.2,2004516995,83.0258138,0.05245,0.81233,18.6
WSCt,WT,no_Phage,short,L3,WSCt-L3,D14,C14,r3,T24H,150868486.4,108773090.7,259641577.1,58.10644369,0.03514,0.79,16.2
WSCt,WT,no_Phage,short,L3,WSCt-L3,D14,C14,r1,T24H,147677354.8,78240983.37,225918338.2,65.36758208,0.02871,0.745,-0.1
WSCt,WT,no_Phage,short,L3,WSCt-L3,D14,C14,r2,T24H,191446016.9,80341246.29,271787263.2,70.43965745,0.0362,0.56467,9.8
WSCt,WT,no_Phage,short,L3,WSCt-L3,D14,C15,r3,T24H,655692687.4,53563714.9,709256402.3,92.44790535,0.04034,0.873,9.4
WSCt,WT,no_Phage,short,L3,WSCt-L3,D14,C15,r1,T24H,710451080.1,26540660.74,736991740.8,96.39878451,0.03254,0.76567,3.8
WSCt,WT,no_Phage,short,L3,WSCt-L3,D14,C15,r2,T24H,823898402.9,67115643.64,891014046.6,92.46749882,0.03173,0.69033,1.9
WSCt,WT,no_Phage,short,L3,WSCt-L3,D14,C2,r3,T24H,1473570617,280726997.3,1754297615,83.99775529,0.03536,0.66833,23.5
WSCt,WT,no_Phage,short,L3,WSCt-L3,D14,C2,r1,T24H,523946278,141920274.3,665866552.4,78.68637888,0.04029,0.89667,23.9
WSCt,WT,no_Phage,short,L3,WSCt-L3,D14,C2,r2,T24H,979893690.8,97573376.47,1077467067,90.94418945,0.03894,0.69533,25.7
WSCt,WT,no_Phage,short,L3,WSCt-L3,D14,C3,r3,T24H,691341176.5,1416094118,2107435294,32.80485902,0.0458,0.752,22.3
WSCt,WT,no_Phage,short,L3,WSCt-L3,D14,C3,r1,T24H,148322816.3,367674083.9,515996900.3,28.74490467,0.03601,0.712,15.7
WSCt,WT,no_Phage,short,L3,WSCt-L3,D14,C3,r2,T24H,361657912.8,692509705.4,1054167618,34.30743908,0.04112,0.79433,20.8
WSCt,WT,no_Phage,short,L3,WSCt-L3,D14,C4,r3,T24H,274603640.6,55314151.5,329917792.1,83.23395929,0.05112,0.61167,35.2
WSCt,WT,no_Phage,short,L3,WSCt-L3,D14,C4,r1,T24H,122241045.5,263948047.8,386189093.3,31.6531586,0.04487,0.66167,35.4
WSCt,WT,no_Phage,short,L3,WSCt-L3,D14,C4,r2,T24H,139612257.7,468230143.8,607842401.5,22.96849612,0.04999,0.54867,37.5
WSCt,WT,no_Phage,short,L3,WSCt-L3,D14,C5,r3,T24H,300397714.9,9241449.129,309639164.1,97.01541337,0.03227,0.67533,13.7
WSCt,WT,no_Phage,short,L3,WSCt-L3,D14,C5,r1,T24H,222213773.6,6875950.467,229089724.1,96.99857754,0.03642,0.64467,25.6
WSCt,WT,no_Phage,short,L3,WSCt-L3,D14,C5,r2,T24H,150106387.1,4967310.147,155073697.2,96.79680681,0.03824,0.581,20.5
WSCt,WT,no_Phage,short,L3,WSCt-L3,D14,C6,r3,T24H,1307973014,125145660.8,1433118675,91.26759961,0.03841,0.67367,17.2
WSCt,WT,no_Phage,short,L3,WSCt-L3,D14,C6,r1,T24H,545935085,166568779,712503864,76.62205257,0.0396,0.768,20.6
WSCt,WT,no_Phage,short,L3,WSCt-L3,D14,C6,r2,T24H,1046133475,184216101.7,1230349576,85.02733653,0.03884,0.85533,14.5
WSCt,WT,no_Phage,short,L3,WSCt-L3,D14,C7,r3,T24H,1149049645,162978723.4,1312028369,87.57810981,0.03682,0.70533,20.4
WSCt,WT,no_Phage,short,L3,WSCt-L3,D14,C7,r1,T24H,947858235.6,230443651.2,1178301887,80.44273258,0.05706,0.82533,40.4
WSCt,WT,no_Phage,short,L3,WSCt-L3,D14,C7,r2,T24H,1266230937,171272953.6,1437503890,88.085392,0.03885,0.88533,20.1
WSCt,WT,no_Phage,short,L3,WSCt-L3,D14,C8,r3,T24H,1118367347,267887154.9,1386254502,80.6754709,0.03837,0.86267,15.8
WSCt,WT,no_Phage,short,L3,WSCt-L3,D14,C8,r1,T24H,1144395230,433185689.9,1577580920,72.54114295,0.03933,0.75867,16.9
WSCt,WT,no_Phage,short,L3,WSCt-L3,D14,C8,r2,T24H,1402619926,306826568.3,1709446494,82.05111601,0.0349,0.79633,11.7
WSCt,WT,no_Phage,short,L3,WSCt-L3,D14,C9,r3,T24H,802707692.3,627169230.8,1429876923,56.13823678,0.04538,0.68867,23.6
WSCt,WT,no_Phage,short,L3,WSCt-L3,D14,C9,r1,T24H,482071981.2,300773629.3,782845610.5,61.57944492,0.05341,0.67033,23.4
WSCt,WT,no_Phage,short,L3,WSCt-L3,D14,C9,r2,T24H,963415331.8,347940503.4,1311355835,73.46711748,0.05116,0.65167,27.9
WLCt,WT,no_Phage,long,L2,WLCt-L2,D14,C1,r1,T48H,320489851.5,155777299,476267150.5,67.29203378,0.03481,0.861,19.7
WLCt,WT,no_Phage,long,L2,WLCt-L2,D14,C1,r2,T48H,332275223.1,40837336.99,373112560.1,89.05495519,0.03949,0.71667,24.2
WLCt,WT,no_Phage,long,L2,WLCt-L2,D14,C1,r3,T48H,369060925.3,39459459.46,408520384.8,90.34088363,0.03677,0.72267,26.6
WLCt,WT,no_Phage,long,L2,WLCt-L2,D14,C10,r3,T48H,1064834076,71074789.5,1135908866,93.74291446,0.04035,0.83667,16.7
WLCt,WT,no_Phage,long,L2,WLCt-L2,D14,C10,r1,T48H,234598653.2,32977772.48,267576425.7,87.67538199,0.03198,0.75033,7
WLCt,WT,no_Phage,long,L2,WLCt-L2,D14,C10,r2,T48H,546458630.1,41382882.3,587841512.4,92.96019737,0.04611,0.78133,15.9
WLCt,WT,no_Phage,long,L2,WLCt-L2,D14,C11,r3,T48H,212747348.9,25330709.52,238078058.4,89.36033434,0.03574,0.78433,11.3
WLCt,WT,no_Phage,long,L2,WLCt-L2,D14,C11,r1,T48H,243058610.4,44844093.67,287902704.1,84.42387207,0.0433,0.90133,9.1
WLCt,WT,no_Phage,long,L2,WLCt-L2,D14,C11,r2,T48H,282325277.6,13696930.11,296022207.7,95.37300591,0.03498,0.741,17.6
WLCt,WT,no_Phage,long,L2,WLCt-L2,D14,C12,r3,T48H,1562836.818,128217288.2,129780125,1.20421968,0.03799,0.76433,18.4
WLCt,WT,no_Phage,long,L2,WLCt-L2,D14,C12,r1,T48H,3438609.606,232479910.3,235918519.9,1.457541609,0.03873,0.85333,19.8
WLCt,WT,no_Phage,long,L2,WLCt-L2,D14,C12,r2,T48H,2693424.875,147531027.2,150224452.1,1.792934385,0.04624,0.62667,21
WLCt,WT,no_Phage,long,L2,WLCt-L2,D14,C13,r3,T48H,1373615114,105923791.2,1479538905,92.84075662,0.04325,0.85633,15.5
WLCt,WT,no_Phage,long,L2,WLCt-L2,D14,C13,r1,T48H,259768970.3,40317333.86,300086304.2,86.56475382,0.03411,0.87567,6.7
WLCt,WT,no_Phage,long,L2,WLCt-L2,D14,C13,r2,T48H,918890122.1,79533851.28,998423973.4,92.03406035,0.05149,0.84033,15
WLCt,WT,no_Phage,long,L2,WLCt-L2,D14,C14,r3,T48H,66576666.67,8036666.667,74613333.33,89.22891365,0.04696,0.77167,16.5
WLCt,WT,no_Phage,long,L2,WLCt-L2,D14,C14,r1,T48H,301117917.3,43958652.37,345076569.7,87.26118893,0.03706,0.79667,11
WLCt,WT,no_Phage,long,L2,WLCt-L2,D14,C14,r2,T48H,240323476.8,31724180.5,272047657.3,88.33874156,0.04964,0.752,13.8
WLCt,WT,no_Phage,long,L2,WLCt-L2,D14,C15,r3,T48H,343477321.8,631943844.5,975421166.3,35.21323243,0.0383,0.74733,19
WLCt,WT,no_Phage,long,L2,WLCt-L2,D14,C15,r1,T48H,353919239.9,512410926.4,866330166.3,40.85269731,0.04951,0.85933,31.4
WLCt,WT,no_Phage,long,L2,WLCt-L2,D14,C15,r2,T48H,1804385382,1131295681,2935681063,61.46394461,0.03896,0.87433,18.5
WLCt,WT,no_Phage,long,L2,WLCt-L2,D14,C2,r1,T48H,478638941.4,49881852.55,528520794,90.56198866,0.04172,0.70667,17.2
WLCt,WT,no_Phage,long,L2,WLCt-L2,D14,C2,r2,T48H,448009392.7,30590244.42,478599637.1,93.60838538,0.04556,0.73933,15.5
WLCt,WT,no_Phage,long,L2,WLCt-L2,D14,C2,r3,T48H,902411912.8,57718120.81,960130033.6,93.98851002,0.04185,0.83767,14.6
WLCt,WT,no_Phage,long,L2,WLCt-L2,D14,C3,r1,T48H,367469765.7,51908541.19,419378306.9,87.62250211,0.03566,0.86633,19.6
WLCt,WT,no_Phage,long,L2,WLCt-L2,D14,C3,r2,T48H,936000881.8,65343915.34,1001344797,93.4743841,0.03388,0.681,21
WLCt,WT,no_Phage,long,L2,WLCt-L2,D14,C3,r3,T48H,293724508.1,23756708.41,317481216.5,92.51712949,0.04309,0.71533,32.3
WLCt,WT,no_Phage,long,L2,WLCt-L2,D14,C4,r1,T48H,408268900.3,69619845.36,477888745.7,85.43178808,0.03738,0.93867,20.4
WLCt,WT,no_Phage,long,L2,WLCt-L2,D14,C4,r2,T48H,433897559.9,52879753.79,486777313.7,89.13676702,0.04109,0.89433,24.7
WLCt,WT,no_Phage,long,L2,WLCt-L2,D14,C4,r3,T48H,388814192.3,31139122.32,419953314.7,92.58509907,0.03228,0.67667,21.2
WLCt,WT,no_Phage,long,L2,WLCt-L2,D14,C5,r1,T48H,354721801.7,64714231.64,419436033.3,84.5711321,0.03283,0.894,6.4
WLCt,WT,no_Phage,long,L2,WLCt-L2,D14,C5,r2,T48H,538139100.3,61420371.11,599559471.4,89.75575002,0.03479,0.855,7.1
WLCt,WT,no_Phage,long,L2,WLCt-L2,D14,C5,r3,T48H,832631175.8,50210647.26,882841823.1,94.31261117,0.04656,0.707,29.5
WLCt,WT,no_Phage,long,L2,WLCt-L2,D14,C6,r1,T48H,190268853.1,35907058.04,226175911.2,84.12427845,0.04079,0.70167,26
WLCt,WT,no_Phage,long,L2,WLCt-L2,D14,C6,r2,T48H,692521797.5,53973843.06,746495640.5,92.76970419,0.03876,0.86233,18.6
WLCt,WT,no_Phage,long,L2,WLCt-L2,D14,C6,r3,T48H,614681844.7,46978984.24,661660829,92.89983899,0.03549,0.73267,22.5
WLCt,WT,no_Phage,long,L2,WLCt-L2,D14,C7,r1,T48H,679347466,72408082.15,751755548.2,90.36813467,0.04134,0.69833,23.2
WLCt,WT,no_Phage,long,L2,WLCt-L2,D14,C7,r2,T48H,1153358110,62914786.3,1216272896,94.82724753,0.03736,0.684,23.3
WLCt,WT,no_Phage,long,L2,WLCt-L2,D14,C7,r3,T48H,1003333333,74042553.19,1077375887,93.12750972,0.04808,0.72867,33.8
WLCt,WT,no_Phage,long,L2,WLCt-L2,D14,C8,r1,T48H,155952381,225399721.9,381352102.9,40.89459068,0.04317,0.78833,25.3
WLCt,WT,no_Phage,long,L2,WLCt-L2,D14,C8,r2,T48H,470547713.2,47769621.68,518317334.8,90.78371137,0.04857,0.88133,31.8
WLCt,WT,no_Phage,long,L2,WLCt-L2,D14,C8,r3,T48H,619302362,92695135.3,711997497.3,86.98097458,0.03902,0.922,18.9
WLCt,WT,no_Phage,long,L2,WLCt-L2,D14,C9,r3,T48H,429396325.5,53154855.64,482551181.1,88.98461809,0.04864,0.74833,21.2
WLCt,WT,no_Phage,long,L2,WLCt-L2,D14,C9,r1,T48H,256913343.3,57268785.1,314182128.4,81.77210613,0.05401,0.711,20
WLCt,WT,no_Phage,long,L2,WLCt-L2,D14,C9,r2,T48H,600332706.5,57963257.63,658295964.1,91.19495475,0.04883,0.73467,20.4
WSCt,WT,no_Phage,short,L3,WSCt-L3,D14,C1,r3,T48H,302219473.1,37061563.09,339281036.2,89.07644135,0.0372,0.889,31.5
WSCt,WT,no_Phage,short,L3,WSCt-L3,D14,C1,r1,T48H,378766801.4,52768117.3,431534918.7,87.77199367,0.03819,0.81933,31.6
WSCt,WT,no_Phage,short,L3,WSCt-L3,D14,C1,r2,T48H,420925454.9,32478966.93,453404421.8,92.83664532,0.03242,0.63333,26.5
WSCt,WT,no_Phage,short,L3,WSCt-L3,D14,C10,r3,T48H,136928645.3,359782833.5,496711478.8,27.56703879,0.04213,0.77033,8.2
WSCt,WT,no_Phage,short,L3,WSCt-L3,D14,C10,r1,T48H,151463245.5,181407767,332871012.5,45.5020835,0.03523,0.72833,16
WSCt,WT,no_Phage,short,L3,WSCt-L3,D14,C10,r2,T48H,228787711.3,313261133.8,542048845.2,42.20795118,0.04449,0.62333,21.5
WSCt,WT,no_Phage,short,L3,WSCt-L3,D14,C11,r3,T48H,107175035.7,426953082.1,534128117.8,20.06541744,0.0377,0.67733,14.7
WSCt,WT,no_Phage,short,L3,WSCt-L3,D14,C11,r1,T48H,172671251.2,258131642.4,430802893.6,40.08126556,0.02996,0.695,10.3
WSCt,WT,no_Phage,short,L3,WSCt-L3,D14,C11,r2,T48H,36678596.99,134452398,171130995,21.43305354,0.03066,0.75567,13.3
WSCt,WT,no_Phage,short,L3,WSCt-L3,D14,C12,r3,T48H,583229308,47381275.44,630610583.4,92.48644463,0.05173,0.671,15
WSCt,WT,no_Phage,short,L3,WSCt-L3,D14,C12,r1,T48H,424658110.7,54954765.41,479612876.1,88.54184947,0.03838,0.855,12.9
WSCt,WT,no_Phage,short,L3,WSCt-L3,D14,C12,r2,T48H,629557888.5,35531568.83,665089457.3,94.65762562,0.05212,0.79933,15.7
WSCt,WT,no_Phage,short,L3,WSCt-L3,D14,C13,r3,T48H,584546442.2,42395437.26,626941879.4,93.23774044,0.04114,0.67333,15.8
WSCt,WT,no_Phage,short,L3,WSCt-L3,D14,C13,r1,T48H,208553925.7,46911706.85,255465632.6,81.6367837,0.03875,0.71333,5.7
WSCt,WT,no_Phage,short,L3,WSCt-L3,D14,C13,r2,T48H,554184155.3,42471143.76,596655299.1,92.88179561,0.05245,0.81233,18.6
WSCt,WT,no_Phage,short,L3,WSCt-L3,D14,C14,r3,T48H,243284268.6,481800061.3,725084330,33.5525482,0.03514,0.79,16.2
WSCt,WT,no_Phage,short,L3,WSCt-L3,D14,C14,r1,T48H,40799504.18,261078401,301877905.2,13.51523392,0.02871,0.745,-0.1
WSCt,WT,no_Phage,short,L3,WSCt-L3,D14,C14,r2,T48H,36853490.66,282300885,319154375.6,11.54723054,0.0362,0.56467,9.8
WSCt,WT,no_Phage,short,L3,WSCt-L3,D14,C15,r3,T48H,583542538.4,64574616.46,648117154.8,90.03658276,0.04034,0.873,9.4
WSCt,WT,no_Phage,short,L3,WSCt-L3,D14,C15,r1,T48H,878321678.3,49938297,928259975.3,94.62022512,0.03254,0.76567,3.8
WSCt,WT,no_Phage,short,L3,WSCt-L3,D14,C15,r2,T48H,2147350173,98662704.31,2246012878,95.60720665,0.03173,0.69033,1.9
WSCt,WT,no_Phage,short,L3,WSCt-L3,D14,C2,r3,T48H,929362703.2,63301967.49,992664670.7,93.62302605,0.03536,0.66833,23.5
WSCt,WT,no_Phage,short,L3,WSCt-L3,D14,C2,r1,T48H,300518507.8,32521964.57,333040472.4,90.23483115,0.04029,0.89667,23.9
WSCt,WT,no_Phage,short,L3,WSCt-L3,D14,C2,r2,T48H,698642676.8,30555555.56,729198232.3,95.80970521,0.03894,0.69533,25.7
WSCt,WT,no_Phage,short,L3,WSCt-L3,D14,C3,r3,T48H,100084166.2,142035770.6,242119936.9,41.33660702,0.0458,0.752,22.3
WSCt,WT,no_Phage,short,L3,WSCt-L3,D14,C3,r1,T48H,119920924.6,148874695.9,268795620.4,44.61416631,0.03601,0.712,15.7
WSCt,WT,no_Phage,short,L3,WSCt-L3,D14,C3,r2,T48H,284979993.8,185975171.8,470955165.7,60.51106666,0.04112,0.79433,20.8
WSCt,WT,no_Phage,short,L3,WSCt-L3,D14,C4,r3,T48H,81622634.77,353543377.4,435166012.1,18.75666603,0.05112,0.61167,35.2
WSCt,WT,no_Phage,short,L3,WSCt-L3,D14,C4,r1,T48H,72507581.5,385547763.5,458055345,15.82943702,0.04487,0.66167,35.4
WSCt,WT,no_Phage,short,L3,WSCt-L3,D14,C4,r2,T48H,84267433.79,397926793,482194226.8,17.47582819,0.04999,0.54867,37.5
WSCt,WT,no_Phage,short,L3,WSCt-L3,D14,C5,r3,T48H,295698773.1,38485404.03,334184177.1,88.48377435,0.03227,0.67533,13.7
WSCt,WT,no_Phage,short,L3,WSCt-L3,D14,C5,r1,T48H,38238987.39,205515093.7,243754081.1,15.68752739,0.03642,0.64467,25.6
WSCt,WT,no_Phage,short,L3,WSCt-L3,D14,C5,r2,T48H,88482322.06,283835108.8,372317430.9,23.76529152,0.03824,0.581,20.5
WSCt,WT,no_Phage,short,L3,WSCt-L3,D14,C6,r3,T48H,1251481258,118923821,1370405079,91.32199502,0.03841,0.67367,17.2
WSCt,WT,no_Phage,short,L3,WSCt-L3,D14,C6,r1,T48H,158066644.7,100868800.2,258935444.8,61.04480797,0.0396,0.768,20.6
WSCt,WT,no_Phage,short,L3,WSCt-L3,D14,C6,r2,T48H,373658109.7,57380396.73,431038506.4,86.68787226,0.03884,0.85533,14.5
WSCt,WT,no_Phage,short,L3,WSCt-L3,D14,C7,r3,T48H,949377949.4,45409695.41,994787644.8,95.4352373,0.03682,0.70533,20.4
WSCt,WT,no_Phage,short,L3,WSCt-L3,D14,C7,r1,T48H,645376738.5,57465994.19,702842732.7,91.8237763,0.05706,0.82533,40.4
WSCt,WT,no_Phage,short,L3,WSCt-L3,D14,C7,r2,T48H,1659860248,97864906.83,1757725155,94.43229754,0.03885,0.88533,20.1
WSCt,WT,no_Phage,short,L3,WSCt-L3,D14,C8,r3,T48H,846572382.6,58613239.05,905185621.7,93.52472713,0.03837,0.86267,15.8
WSCt,WT,no_Phage,short,L3,WSCt-L3,D14,C8,r1,T48H,157431940,36630225.08,194062165.1,81.12448922,0.03933,0.75867,16.9
WSCt,WT,no_Phage,short,L3,WSCt-L3,D14,C8,r2,T48H,729507372.7,48156836.46,777664209.1,93.80750254,0.0349,0.79633,11.7
WSCt,WT,no_Phage,short,L3,WSCt-L3,D14,C9,r3,T48H,413734089.2,73676329.02,487410418.2,84.88412924,0.04538,0.68867,23.6
WSCt,WT,no_Phage,short,L3,WSCt-L3,D14,C9,r1,T48H,376230688,57873524.61,434104212.6,86.66828775,0.05341,0.67033,23.4
WSCt,WT,no_Phage,short,L3,WSCt-L3,D14,C9,r2,T48H,558898194.2,44268516.1,603166710.3,92.66064999,0.05116,0.65167,27.9